<?xml version="1.0" encoding="UTF-8"?>
<modocc>
  <occ bkid="sb1" lcid="" auto="false" closed="false" placing="0" blockenterside="0" arrivetime="1642899375"/>
  <occ bkid="sb2" arrivetime="1642899374" lcid="Taurus" auto="false" closed="false" placing="1" blockenterside="1"/>
  <occ bkid="sb3" arrivetime="1642899349" lcid="" auto="false" closed="false" placing="0" blockenterside="0"/>
  <occ bkid="sb4" arrivetime="1642899288" lcid="" auto="false" closed="false" placing="0" blockenterside="0"/>
  <occ bkid="bk5" lcid="" auto="false" closed="false" placing="0" blockenterside="0"/>
  <occ bkid="cb1" lcid="NS2418" auto="false" closed="false" placing="2" blockenterside="2" arrivetime="1642899375"/>
  <occ bkid="cb2" arrivetime="1642899366" lcid="" auto="false" closed="false" placing="0" blockenterside="0"/>
  <occ bkid="cb3" arrivetime="1642899366" lcid="" auto="false" closed="false" placing="0" blockenterside="0"/>
  <occ bkid="cb4" arrivetime="1642899374" lcid="" auto="false" closed="false" placing="0" blockenterside="0"/>
</modocc>
