<?xml version="1.0" encoding="UTF-8"?>
<plan rocrailversion="2.1.2013" rocrailpwd="I:\3_PROJEKTE\Rocrail\Rocrail-WIN64\rmddemo" rocrailos="win64" rocrailip="192.168.2.194" donkey="true" healthy="true" rocguiversion="2.0.999 revision 15922" rocrailarch="X86_64" title="Roc-MQTT-Display Demo" remark="Roc-MQTT-Display Demo" scale="87" metrics="0">
  <zlevel title="Level 0" active="true"/>
  <boosterlist/>
  <lightctrl converted="true"/>
  <competition/>
  <bklist>
    <bk id="sb1" x="5" y="1" z="0" reserved="false" entering="false" updateenterside="false" managerid="" fifoids="" pre_move_x="9" pre_move_y="1" pre_move_z="0" locid="" state="open" ori="east" prev_id="sb1" desc="" len="0" offsetplus="0" offsetminus="0" departdelay="0" fifosize="0" randomrate="10" electrified="false" gomanual="true" acceptghost="false" acceptident="false" terminalstation="false" wait="true" road="false" allowchgdir="true" smallsymbol="false" extstop="false" allowbbt="true" bbtfix="0" mainline="false" sleeponclosed="false" freeblockonenter="false" freeblockonenterplus="true" freeblockonentermin="true" allowaccessoncars="true" centertrain="false" secondnextblock4wait="false" polarisation="true" rearprotection="false" commuter="yes" show="true" virtual="false" slaveblocks="" ttid="" codesen="" signal="sb1s" wsignal="" signalR="" wsignalR="" statesignal="" openblocksignal="false" openblockid="" openblocksignalR="false" openblockidR="" speed="cruise" exitspeed="cruise" stopspeed="mid" type="none" nonewaittype="" incline="0" waitmode="random" maxkmh="0" minwaittime="1" maxwaittime="5" waittime="10" mvscale="0" mvdistance="0" mvmph="false" mvrecord="false" evttimer="0" evttimer2="0" forceblocktimer="false" selectshortestblock="false" iid="" addr="0" port="0" td="false" tdV0="false" tdlinkblocks="true" typeperm="" class="" era="0" masterid="" controlcode="" slavecode="" server="infwABF34D30" locoevent="false" shunting="false" embeddedfbplus="false" embeddedfbmin="false">
      <fbevent id="sb1e" action="enter" from="all" byroute="all" endpuls="false" use_timer2="false"/>
      <fbevent id="sb1i" action="in" from="all" byroute="all" endpuls="false" use_timer2="false"/>
    </bk>
    <bk ori="east" id="sb2" x="6" y="2" z="0" reserved="false" entering="false" updateenterside="false" managerid="" fifoids="" pre_move_x="10" pre_move_y="2" pre_move_z="0" locid="Taurus" state="open" prev_id="sb2" desc="" len="0" offsetplus="0" offsetminus="0" departdelay="0" fifosize="0" randomrate="10" electrified="false" gomanual="true" acceptghost="false" acceptident="false" terminalstation="false" wait="true" road="false" allowchgdir="true" smallsymbol="false" extstop="false" allowbbt="true" bbtfix="0" mainline="false" sleeponclosed="false" freeblockonenter="false" freeblockonenterplus="true" freeblockonentermin="true" allowaccessoncars="true" centertrain="false" secondnextblock4wait="false" polarisation="true" rearprotection="false" commuter="yes" show="true" virtual="false" slaveblocks="" ttid="" codesen="" signal="sb2s" wsignal="" signalR="" wsignalR="" statesignal="" openblocksignal="false" openblockid="" openblocksignalR="false" openblockidR="" speed="cruise" exitspeed="cruise" stopspeed="mid" type="none" nonewaittype="" incline="0" waitmode="random" maxkmh="0" minwaittime="1" maxwaittime="5" waittime="10" mvscale="0" mvdistance="0" mvmph="false" mvrecord="false" evttimer="0" evttimer2="0" forceblocktimer="false" selectshortestblock="false" iid="" addr="0" port="0" td="false" tdV0="false" tdlinkblocks="true" typeperm="" class="" era="0" masterid="" fifogap="0" shunting="false" embeddedfbplus="false" embeddedfbmin="false">
      <fbevent id="sb2e" action="enter" from="all" byroute="all" endpuls="false" use_timer2="false"/>
      <fbevent id="sb2i" action="in" from="all" byroute="all" endpuls="false" use_timer2="false"/>
    </bk>
    <bk ori="east" id="sb3" x="7" y="3" z="0" reserved="false" entering="false" updateenterside="false" managerid="" fifoids="" pre_move_x="11" pre_move_y="3" pre_move_z="0" locid="" state="open" prev_id="sb3" desc="" len="0" offsetplus="0" offsetminus="0" departdelay="0" fifosize="0" randomrate="10" electrified="false" gomanual="true" acceptghost="false" acceptident="false" terminalstation="false" wait="true" road="false" allowchgdir="true" smallsymbol="false" extstop="false" allowbbt="true" bbtfix="0" mainline="false" sleeponclosed="false" freeblockonenter="false" freeblockonenterplus="true" freeblockonentermin="true" allowaccessoncars="true" centertrain="false" secondnextblock4wait="false" polarisation="true" rearprotection="false" commuter="yes" show="true" virtual="false" slaveblocks="" ttid="" codesen="" signal="sb3s" wsignal="" signalR="" wsignalR="" statesignal="" openblocksignal="false" openblockid="" openblocksignalR="false" openblockidR="" speed="cruise" exitspeed="cruise" stopspeed="mid" type="none" nonewaittype="" incline="0" waitmode="random" maxkmh="0" minwaittime="1" maxwaittime="5" waittime="10" mvscale="0" mvdistance="0" mvmph="false" mvrecord="false" evttimer="0" evttimer2="0" forceblocktimer="false" selectshortestblock="false" iid="" addr="0" port="0" td="false" tdV0="false" tdlinkblocks="true" typeperm="" class="" era="0" masterid="" locoevent="false" shunting="false" embeddedfbplus="false" embeddedfbmin="false">
      <fbevent id="sb3e" action="enter" from="all" byroute="all" endpuls="false" use_timer2="false"/>
      <fbevent id="sb3i" action="in" from="all" byroute="all" endpuls="false" use_timer2="false"/>
    </bk>
    <bk ori="east" id="sb4" x="8" y="4" z="0" reserved="false" entering="false" updateenterside="false" managerid="" fifoids="" pre_move_x="12" pre_move_y="4" pre_move_z="0" locid="" state="open" prev_id="sb4" desc="" len="0" offsetplus="0" offsetminus="0" departdelay="0" fifosize="0" randomrate="10" electrified="false" gomanual="true" acceptghost="false" acceptident="false" terminalstation="false" wait="true" road="false" allowchgdir="true" smallsymbol="false" extstop="false" allowbbt="true" bbtfix="0" mainline="false" sleeponclosed="false" freeblockonenter="false" freeblockonenterplus="true" freeblockonentermin="true" allowaccessoncars="true" centertrain="false" secondnextblock4wait="false" polarisation="true" rearprotection="false" commuter="yes" show="true" virtual="false" slaveblocks="" ttid="" codesen="" signal="sb4s" wsignal="" signalR="" wsignalR="" statesignal="" openblocksignal="false" openblockid="" openblocksignalR="false" openblockidR="" speed="cruise" exitspeed="cruise" stopspeed="mid" type="none" nonewaittype="" incline="0" waitmode="random" maxkmh="0" minwaittime="1" maxwaittime="5" waittime="10" mvscale="0" mvdistance="0" mvmph="false" mvrecord="false" evttimer="0" evttimer2="0" forceblocktimer="false" selectshortestblock="false" iid="" addr="0" port="0" td="false" tdV0="false" tdlinkblocks="true" typeperm="" class="" era="0" shunting="false" embeddedfbplus="false" embeddedfbmin="false" masterid="">
      <fbevent id="sb4e" action="enter" from="all" byroute="all" endpuls="false" use_timer2="false"/>
      <fbevent id="sb4i" action="in" from="all" byroute="all" endpuls="false" use_timer2="false"/>
    </bk>
    <bk ori="east" id="cb1" x="9" y="8" z="0" reserved="false" entering="false" updateenterside="false" managerid="" fifoids="" pre_move_x="11" pre_move_y="8" pre_move_z="0" locid="NS2418" state="open" prev_id="cb1" desc="" len="0" offsetplus="0" offsetminus="0" departdelay="0" fifosize="0" randomrate="10" electrified="false" gomanual="true" acceptghost="false" acceptident="false" terminalstation="true" wait="true" road="false" allowchgdir="false" smallsymbol="false" extstop="false" allowbbt="true" bbtfix="0" mainline="false" sleeponclosed="false" freeblockonenter="false" freeblockonenterplus="true" freeblockonentermin="true" allowaccessoncars="true" centertrain="false" secondnextblock4wait="false" polarisation="true" rearprotection="false" commuter="yes" show="true" virtual="false" slaveblocks="" ttid="" codesen="" signal="" wsignal="" signalR="cb1s" wsignalR="" statesignal="" openblocksignal="false" openblockid="" openblocksignalR="false" openblockidR="" speed="cruise" exitspeed="cruise" stopspeed="mid" type="none" nonewaittype="" incline="0" waitmode="random" maxkmh="0" minwaittime="1" maxwaittime="5" waittime="10" mvscale="0" mvdistance="0" mvmph="false" mvrecord="false" evttimer="0" evttimer2="0" forceblocktimer="false" selectshortestblock="false" iid="" addr="0" port="0" td="false" tdV0="false" tdlinkblocks="true" typeperm="" class="" era="0" masterid="" locoevent="true" shunting="false" embeddedfbplus="false" embeddedfbmin="false" platform="" cleanstamp="0" lenenter2in="0" radius="0" fifogap="0" showlocoimage="true" freeblockonentermaxlen="0" freeblockonenterroute="true" resetsignalonexit="false" noreduceonexit="false" waitside="0" reservedevents="false" bus="0" ctcOutput="" ctcColorFree="0" ctcColorReserved="0" ctcColorEnter="0" ctcColorOccupied="0">
      <fbevent id="cb1e" action="enter" from="all" byroute="all" endpuls="false" use_timer2="false"/>
      <fbevent id="cb1i" action="in" from="all" byroute="all" endpuls="false" use_timer2="false"/>
      <fbevent id="cb1i" action="enter" from="all-reverse" byroute="all-reverse" endpuls="false" use_timer2="false"/>
      <fbevent id="cb1e" action="in" from="all-reverse" byroute="all-reverse" endpuls="false" use_timer2="false"/>
      <actionctrl id="Demo1" state="free" desc="" lcid="" reset="true" allconditions="true" callerparam="" atcmd="true" atevt="false" auto="true" manual="true" substate="" duration="0" timer="0" callerid="cb1" callertype="bk" callerdesc="" calleruserdata="" bkid="cb1"/>
      <actionctrl id="Demo2" state="enter" desc="" lcid="NS2418" reset="true" allconditions="true" callerparam="" atcmd="true" atevt="false" auto="true" manual="true" substate="" duration="0" timer="0" callerid="cb1" callertype="bk" callerdesc="" calleruserdata="" lcclass="" bkid="cb1" stid="[sb1-]-[cb1+]" eventlcid="NS2418"/>
    </bk>
    <bk ori="east" id="cb2" x="9" y="9" z="0" reserved="false" entering="false" updateenterside="false" managerid="" fifoids="" pre_move_x="11" pre_move_y="9" pre_move_z="0" locid="" state="open" prev_id="cb2" desc="" len="0" offsetplus="0" offsetminus="0" departdelay="0" fifosize="0" randomrate="10" electrified="false" gomanual="true" acceptghost="false" acceptident="false" terminalstation="true" wait="true" road="false" allowchgdir="false" smallsymbol="false" extstop="false" allowbbt="true" bbtfix="0" mainline="false" sleeponclosed="false" freeblockonenter="false" freeblockonenterplus="true" freeblockonentermin="true" allowaccessoncars="true" centertrain="false" secondnextblock4wait="false" polarisation="true" rearprotection="false" commuter="yes" show="true" virtual="false" slaveblocks="" ttid="" codesen="" signal="" wsignal="" signalR="cb2s" wsignalR="" statesignal="" openblocksignal="false" openblockid="" openblocksignalR="false" openblockidR="" speed="cruise" exitspeed="cruise" stopspeed="mid" type="none" nonewaittype="" incline="0" waitmode="random" maxkmh="0" minwaittime="1" maxwaittime="5" waittime="10" mvscale="0" mvdistance="0" mvmph="false" mvrecord="false" evttimer="0" evttimer2="0" forceblocktimer="false" selectshortestblock="false" iid="" addr="0" port="0" td="false" tdV0="false" tdlinkblocks="true" typeperm="" class="" era="0" masterid="" fifogap="0" shunting="false" embeddedfbplus="false" embeddedfbmin="false" locoevent="true" platform="" cleanstamp="0" lenenter2in="0" radius="0" showlocoimage="true" freeblockonentermaxlen="0" freeblockonenterroute="true" resetsignalonexit="false" noreduceonexit="false" waitside="0" reservedevents="false" bus="0" ctcOutput="" ctcColorFree="0" ctcColorReserved="0" ctcColorEnter="0" ctcColorOccupied="0">
      <fbevent id="cb2e" action="enter" from="all" byroute="all" endpuls="false" use_timer2="false"/>
      <fbevent id="cb2i" action="in" from="all" byroute="all" endpuls="false" use_timer2="false"/>
      <fbevent id="cb2i" action="enter" from="all-reverse" byroute="all-reverse" endpuls="false" use_timer2="false"/>
      <fbevent id="cb2e" action="in" from="all-reverse" byroute="all-reverse" endpuls="false" use_timer2="false"/>
      <actionctrl id="Demo3" state="in" desc="" lcid="NS2418" reset="true" allconditions="true" callerparam="" atcmd="true" atevt="false" auto="true" manual="true" substate="" duration="0" timer="0" callerid="cb2" callertype="bk" callerdesc="" calleruserdata="" lcclass="" bkid="cb2" stid="[sb3-]-[cb2+]" eventlcid="NS2418"/>
      <actionctrl id="ClearD03" state="free" desc="" lcid="" reset="true" allconditions="true" callerparam="" atcmd="true" atevt="false" auto="true" manual="true" substate="" duration="0" timer="0" callerid="cb2" callertype="bk" callerdesc="" calleruserdata="" bkid="cb2"/>
    </bk>
    <bk ori="east" id="cb3" x="7" y="11" z="0" reserved="false" entering="false" updateenterside="false" managerid="" fifoids="" pre_move_x="9" pre_move_y="11" pre_move_z="0" locid="" state="open" prev_id="cb3" desc="" len="0" offsetplus="0" offsetminus="0" departdelay="0" fifosize="0" randomrate="10" electrified="false" gomanual="true" acceptghost="false" acceptident="false" terminalstation="false" wait="true" road="false" allowchgdir="true" smallsymbol="false" extstop="false" allowbbt="true" bbtfix="0" mainline="false" sleeponclosed="false" freeblockonenter="false" freeblockonenterplus="true" freeblockonentermin="true" allowaccessoncars="true" centertrain="false" secondnextblock4wait="false" polarisation="true" rearprotection="false" commuter="yes" show="true" virtual="false" slaveblocks="" ttid="" codesen="" signal="cb3s" wsignal="" signalR="" wsignalR="" statesignal="" openblocksignal="false" openblockid="" openblocksignalR="false" openblockidR="" speed="cruise" exitspeed="cruise" stopspeed="mid" type="none" nonewaittype="" incline="0" waitmode="random" maxkmh="0" minwaittime="1" maxwaittime="5" waittime="10" mvscale="0" mvdistance="0" mvmph="false" mvrecord="false" evttimer="0" evttimer2="0" forceblocktimer="false" selectshortestblock="false" iid="" addr="0" port="0" td="false" tdV0="false" tdlinkblocks="true" typeperm="" class="" era="0" masterid="" shunting="false" embeddedfbplus="false" embeddedfbmin="false" platform="" lenenter2in="0" radius="0" fifogap="0" showlocoimage="true" freeblockonentermaxlen="0" freeblockonenterroute="true" resetsignalonexit="false" noreduceonexit="false" waitside="0" reservedevents="false" bus="0" ctcOutput="" ctcColorFree="0" ctcColorReserved="0" ctcColorEnter="0" ctcColorOccupied="0">
      <fbevent id="cb3e" action="enter" from="all" byroute="all" endpuls="false" use_timer2="false"/>
      <fbevent id="cb3i" action="in" from="all" byroute="all" endpuls="false" use_timer2="false"/>
    </bk>
    <bk ori="west" id="cb4" x="7" y="12" z="0" reserved="false" entering="false" updateenterside="false" managerid="" fifoids="" pre_move_x="9" pre_move_y="12" pre_move_z="0" locid="" state="open" prev_id="cb4" desc="" len="0" offsetplus="0" offsetminus="0" departdelay="0" fifosize="0" randomrate="10" electrified="false" gomanual="true" acceptghost="false" acceptident="false" terminalstation="false" wait="true" road="false" allowchgdir="true" smallsymbol="false" extstop="false" allowbbt="true" bbtfix="0" mainline="false" sleeponclosed="false" freeblockonenter="false" freeblockonenterplus="true" freeblockonentermin="true" allowaccessoncars="true" centertrain="false" secondnextblock4wait="false" polarisation="true" rearprotection="false" commuter="yes" show="true" virtual="false" slaveblocks="" ttid="" codesen="" signal="cb4s" wsignal="" signalR="" wsignalR="" statesignal="" openblocksignal="false" openblockid="" openblocksignalR="false" openblockidR="" speed="cruise" exitspeed="cruise" stopspeed="mid" type="none" nonewaittype="" incline="0" waitmode="random" maxkmh="0" minwaittime="1" maxwaittime="5" waittime="10" mvscale="0" mvdistance="0" mvmph="false" mvrecord="false" evttimer="0" evttimer2="0" forceblocktimer="false" selectshortestblock="false" iid="" addr="0" port="0" td="false" tdV0="false" tdlinkblocks="true" typeperm="" class="" era="0" masterid="" shunting="false" embeddedfbplus="false" embeddedfbmin="false">
      <fbevent id="cb4e" action="enter" from="all" byroute="all" endpuls="false" use_timer2="false"/>
      <fbevent id="cb4i" action="in" from="all" byroute="all" endpuls="false" use_timer2="false"/>
    </bk>
  </bklist>
  <swlist>
    <sw type="right" id="sw1" x="14" y="4" z="0" testing="false" switched="72" ori="east" pre_move_x="18" pre_move_y="4" pre_move_z="0" addr1="1" routeids="[cb1+]-[sb4+],[cb1+]-[sb3+],[cb1+]-[sb2+],[cb1+]-[sb1+],[cb2+]-[sb4+],[cb2+]-[sb3+],[cb2+]-[sb2+],[cb2+]-[sb1+],[cb4-]-[sb4+],[cb4-]-[sb3+],[cb4-]-[sb2+],[cb4-]-[sb1+]" state="turnout" wantedstate="turnout" fieldstate="turnout"/>
    <sw type="right" ori="east" id="sw2" x="13" y="3" z="0" testing="false" pre_move_x="17" pre_move_y="3" pre_move_z="0" switched="51" addr1="2" routeids="[cb1+]-[sb3+],[cb1+]-[sb2+],[cb1+]-[sb1+],[cb2+]-[sb3+],[cb2+]-[sb2+],[cb2+]-[sb1+],[cb4-]-[sb3+],[cb4-]-[sb2+],[cb4-]-[sb1+]" state="turnout" wantedstate="turnout" fieldstate="turnout"/>
    <sw type="right" ori="east" id="sw3" x="12" y="2" z="0" testing="false" pre_move_x="16" pre_move_y="2" pre_move_z="0" switched="33" addr1="3" routeids="[cb1+]-[sb2+],[cb1+]-[sb1+],[cb2+]-[sb2+],[cb2+]-[sb1+],[cb4-]-[sb2+],[cb4-]-[sb1+]" state="straight" wantedstate="straight" fieldstate="straight"/>
    <sw type="right" id="sw4" x="2" y="1" z="0" testing="false" pre_move_x="6" pre_move_y="1" pre_move_z="0" switched="71" addr1="4" routeids="[sb1-]-[cb1+],[sb1-]-[cb3+],[sb1-]-[cb2+],[sb2-]-[cb1+],[sb2-]-[cb3+],[sb2-]-[cb2+],[sb3-]-[cb1+],[sb3-]-[cb3+],[sb3-]-[cb2+],[sb4-]-[cb1+],[sb4-]-[cb3+],[sb4-]-[cb2+]" state="straight" wantedstate="straight" fieldstate="straight" locid="-unlocked-"/>
    <sw type="right" ori="west" id="sw5" x="3" y="2" z="0" testing="false" pre_move_x="7" pre_move_y="2" pre_move_z="0" switched="53" addr1="5" routeids="[sb2-]-[cb1+],[sb2-]-[cb3+],[sb2-]-[cb2+],[sb3-]-[cb1+],[sb3-]-[cb3+],[sb3-]-[cb2+],[sb4-]-[cb1+],[sb4-]-[cb3+],[sb4-]-[cb2+]" state="turnout" wantedstate="turnout" fieldstate="turnout"/>
    <sw type="right" ori="west" id="sw6" x="4" y="3" z="0" testing="false" pre_move_x="8" pre_move_y="3" pre_move_z="0" switched="38" addr1="6" routeids="[sb3-]-[cb1+],[sb3-]-[cb3+],[sb3-]-[cb2+],[sb4-]-[cb1+],[sb4-]-[cb3+],[sb4-]-[cb2+]" state="straight" wantedstate="straight" fieldstate="straight"/>
    <sw type="accessory" accnr="10" id="rc1" x="18" y="4" z="0" testing="false" switched="8" frogporttype="0" addr1="7" prev_id="rc1" nr="0" desc="" decid="" blockid="" routeids="[cb1+]-[sb4+],[cb1+]-[sb3+],[cb1+]-[sb2+],[cb1+]-[sb1+],[cb2+]-[sb4+],[cb2+]-[sb3+],[cb2+]-[sb2+],[cb2+]-[sb1+],[cb4-]-[sb4+],[cb4-]-[sb3+],[cb4-]-[sb2+],[cb4-]-[sb1+]" manual="false" outoforder="false" operable="true" staticuse="false" subtype="default" savepos="none" dir="false" swtype="default" road="false" show="true" swapstraight="false" rectcrossing="false" iid="" uidname="" bus="0" port1="0" gate1="0" inv="false" singlegate="false" accessory="false" addr2="0" port2="0" gate2="0" inv2="false" actdelay="false" syncdelay="false" delay="0" param1="0" value1="1" param2="0" value2="1" prot="D" porttype="0" tdiid="" tdaddr="0" tdport="0" td="false" fbR="" fbG="" fb2R="" fb2G="" fbOcc="" fbOcc2="" fbRinv="false" fbGinv="false" fb2Rinv="false" fb2Ginv="false" fbset="false" fbusefield="false" ctciid1="" ctciid2="" ctcuid1="" ctcuid2="" ctcbus1="0" ctcbus2="0" ctcaddr1="0" ctcaddr2="0" ctccmdon1="false" ctccmdon2="false" ctcflip1="true" ctcflip2="true" ctciidled1="" ctciidled2="" ctcbusled1="0" ctcbusled2="0" ctcaddrled1="0" ctcaddrled2="0" ctcportled1="0" ctcportled2="0" ctcgateled1="0" ctcgateled2="0" ctcasswitchled1="false" ctcasswitchled2="false" frogiid="" buspol="0" frogtimer="0" addr0pol1="0" port0pol1="0" gate0pol1="0" addr0pol2="0" port0pol2="0" gate0pol2="0" addr1pol1="0" port1pol1="0" gate1pol1="0" addr1pol2="0" port1pol2="0" gate1pol2="0" frogaccessory="true" frogswitch="false" state="turnout" wantedstate="turnout" fieldstate="turnout">
      <accessoryctrl active="false" interval="0" delay="0" lockroutes="" freeblocks=""/>
    </sw>
    <sw type="accessory" accnr="10" ori="east" id="rc2" x="18" y="5" z="0" testing="false" switched="8" addr1="8" routeids="[sb1-]-[cb1+],[sb1-]-[cb3+],[sb1-]-[cb2+],[sb2-]-[cb1+],[sb2-]-[cb3+],[sb2-]-[cb2+],[sb3-]-[cb1+],[sb3-]-[cb3+],[sb3-]-[cb2+],[sb4-]-[cb1+],[sb4-]-[cb3+],[sb4-]-[cb2+]" state="turnout" wantedstate="turnout" fieldstate="turnout" port1="0" frogporttype="0" prev_id="rc2" nr="0" desc="" decid="" blockid="" manual="false" outoforder="false" operable="true" staticuse="false" subtype="default" savepos="none" dir="false" swtype="default" road="false" show="true" swapstraight="false" rectcrossing="false" iid="" uidname="" bus="0" gate1="0" inv="false" singlegate="false" accessory="false" addr2="0" port2="0" gate2="0" inv2="false" actdelay="false" syncdelay="false" delay="0" param1="0" value1="1" param2="0" value2="1" prot="D" porttype="0" tdiid="" tdaddr="0" tdport="0" td="false" fbR="" fbG="" fb2R="" fb2G="" fbOcc="" fbOcc2="" fbRinv="false" fbGinv="false" fb2Rinv="false" fb2Ginv="false" fbset="false" fbusefield="false" ctciid1="" ctciid2="" ctcuid1="" ctcuid2="" ctcbus1="0" ctcbus2="0" ctcaddr1="0" ctcaddr2="0" ctccmdon1="false" ctccmdon2="false" ctcflip1="true" ctcflip2="true" ctciidled1="" ctciidled2="" ctcbusled1="0" ctcbusled2="0" ctcaddrled1="0" ctcaddrled2="0" ctcportled1="0" ctcportled2="0" ctcgateled1="0" ctcgateled2="0" ctcasswitchled1="false" ctcasswitchled2="false" frogiid="" buspol="0" frogtimer="0" addr0pol1="0" port0pol1="0" gate0pol1="0" addr0pol2="0" port0pol2="0" gate0pol2="0" addr1pol1="0" port1pol1="0" gate1pol1="0" addr1pol2="0" port1pol2="0" gate1pol2="0" frogaccessory="true" frogswitch="false">
      <accessoryctrl active="false" interval="0" delay="0" lockroutes="" freeblocks=""/>
    </sw>
    <sw type="left" id="sw8" x="17" y="8" z="0" testing="false" switched="99" addr1="9" routeids="[sb1-]-[cb1+],[sb1-]-[cb3+],[sb1-]-[cb2+],[sb2-]-[cb1+],[sb2-]-[cb3+],[sb2-]-[cb2+],[sb3-]-[cb1+],[sb3-]-[cb3+],[sb3-]-[cb2+],[sb4-]-[cb1+],[sb4-]-[cb3+],[sb4-]-[cb2+],[cb1+]-[sb4+],[cb1+]-[sb3+],[cb1+]-[sb2+],[cb1+]-[sb1+]" state="straight" wantedstate="straight" fieldstate="straight" pre_move_x="19" pre_move_y="8" pre_move_z="0"/>
    <sw type="left" id="sw9" x="18" y="9" z="0" testing="false" switched="50" ori="west" frogporttype="0" prev_id="sw9" nr="0" desc="" decid="" blockid="" routeids="[cb2+]-[sb4+],[cb2+]-[sb3+],[cb2+]-[sb2+],[cb2+]-[sb1+],[cb4-]-[sb4+],[cb4-]-[sb3+],[cb4-]-[sb2+],[cb4-]-[sb1+]" manual="false" outoforder="false" operable="true" staticuse="false" accnr="0" subtype="default" savepos="none" dir="false" swtype="default" road="false" show="true" swapstraight="false" rectcrossing="false" iid="" uidname="" bus="0" addr1="10" port1="0" gate1="0" inv="false" singlegate="false" accessory="false" addr2="0" port2="0" gate2="0" inv2="false" actdelay="false" syncdelay="false" delay="0" param1="0" value1="1" param2="0" value2="1" prot="D" porttype="0" tdiid="" tdaddr="0" tdport="0" td="false" fbR="" fbG="" fb2R="" fb2G="" fbOcc="" fbOcc2="" fbRinv="false" fbGinv="false" fb2Rinv="false" fb2Ginv="false" fbset="false" fbusefield="false" ctciid1="" ctciid2="" ctcuid1="" ctcuid2="" ctcbus1="0" ctcbus2="0" ctcaddr1="0" ctcaddr2="0" ctccmdon1="false" ctccmdon2="false" ctcflip1="true" ctcflip2="true" ctciidled1="" ctciidled2="" ctcbusled1="0" ctcbusled2="0" ctcaddrled1="0" ctcaddrled2="0" ctcportled1="0" ctcportled2="0" ctcgateled1="0" ctcgateled2="0" ctcasswitchled1="false" ctcasswitchled2="false" frogiid="" buspol="0" frogtimer="0" addr0pol1="0" port0pol1="0" gate0pol1="0" addr0pol2="0" port0pol2="0" gate0pol2="0" addr1pol1="0" port1pol1="0" gate1pol1="0" addr1pol2="0" port1pol2="0" gate1pol2="0" frogaccessory="true" frogswitch="false" state="turnout" wantedstate="turnout" fieldstate="turnout" pre_move_x="20" pre_move_y="9" pre_move_z="0" locid="-unlocked-">
      <accessoryctrl active="false" interval="0" delay="0" lockroutes="" freeblocks=""/>
    </sw>
    <sw type="dcrossing" rectcrossing="false" id="sw10" x="16" y="9" z="0" testing="false" switched="58" addr1="11" addr2="12" routeids="[sb1-]-[cb3+],[sb1-]-[cb2+],[sb2-]-[cb3+],[sb2-]-[cb2+],[sb3-]-[cb3+],[sb3-]-[cb2+],[sb4-]-[cb3+],[sb4-]-[cb2+],[cb2+]-[sb4+],[cb2+]-[sb3+],[cb2+]-[sb2+],[cb2+]-[sb1+]" state="straight" wantedstate="straight" fieldstate="straight" pre_move_x="18" pre_move_y="9" pre_move_z="0"/>
    <sw type="left" id="sw7" x="21" y="8" z="0" testing="false" switched="99" addr1="13" routeids="[sb1-]-[cb1+],[sb1-]-[cb3+],[sb1-]-[cb2+],[sb2-]-[cb1+],[sb2-]-[cb3+],[sb2-]-[cb2+],[sb3-]-[cb1+],[sb3-]-[cb3+],[sb3-]-[cb2+],[sb4-]-[cb1+],[sb4-]-[cb3+],[sb4-]-[cb2+],[cb1+]-[sb4+],[cb1+]-[sb3+],[cb1+]-[sb2+],[cb1+]-[sb1+]" state="turnout" wantedstate="turnout" fieldstate="turnout" pre_move_x="20" pre_move_y="8" pre_move_z="0" locid="" frogporttype="0" prev_id="sw7" nr="0" desc="" decid="" blockid="" manual="false" outoforder="false" operable="true" staticuse="false" accnr="0" subtype="default" savepos="none" dir="false" swtype="default" road="false" show="true" swapstraight="false" rectcrossing="false" iid="" uidname="" bus="0" port1="0" gate1="0" inv="false" singlegate="false" accessory="false" addr2="0" port2="0" gate2="0" inv2="false" actdelay="false" syncdelay="false" delay="0" param1="0" value1="1" param2="0" value2="1" prot="D" porttype="0" tdiid="" tdaddr="0" tdport="0" td="false" fbR="" fbG="" fb2R="" fb2G="" fbOcc="" fbOcc2="" fbRinv="false" fbGinv="false" fb2Rinv="false" fb2Ginv="false" fbset="false" fbusefield="false" ctciid1="" ctciid2="" ctcuid1="" ctcuid2="" ctcbus1="0" ctcbus2="0" ctcaddr1="0" ctcaddr2="0" ctccmdon1="false" ctccmdon2="false" ctcflip1="true" ctcflip2="true" ctciidled1="" ctciidled2="" ctcbusled1="0" ctcbusled2="0" ctcaddrled1="0" ctcaddrled2="0" ctcportled1="0" ctcportled2="0" ctcgateled1="0" ctcgateled2="0" ctcasswitchled1="false" ctcasswitchled2="false" frogiid="" buspol="0" frogtimer="0" addr0pol1="0" port0pol1="0" gate0pol1="0" addr0pol2="0" port0pol2="0" gate0pol2="0" addr1pol1="0" port1pol1="0" gate1pol1="0" addr1pol2="0" port1pol2="0" gate1pol2="0" frogaccessory="true" frogswitch="false" ori="east"/>
    <sw type="right" id="sw11" x="22" y="8" z="0" testing="false" switched="67" ori="south" addr1="15" routeids="[cb1+]-[sb4+],[cb1+]-[sb3+],[cb1+]-[sb2+],[cb1+]-[sb1+],[cb2+]-[sb4+],[cb2+]-[sb3+],[cb2+]-[sb2+],[cb2+]-[sb1+],[cb4-]-[sb4+],[cb4-]-[sb3+],[cb4-]-[sb2+],[cb4-]-[sb1+]" state="straight" wantedstate="straight" fieldstate="straight"/>
  </swlist>
  <fblist>
    <fb id="sb1e" x="9" y="1" z="0" state="false" identifier="" gpssid="0" shortcut="false" counter="0" wheelcount="0" carcount="0" countedcars="0" val="0" load="0" regval="0" maxload="0" pre_move_x="14" pre_move_y="1" pre_move_z="0" baseaddr="0" offset="" locid="" addr="1" routeids="[cb1+]-[sb1+],[cb2+]-[sb1+],[cb4-]-[sb1+]" blockid="sb1" bididir="0"/>
    <fb ori="east" id="sb2e" x="10" y="2" z="0" state="false" identifier="" gpssid="0" shortcut="false" counter="0" wheelcount="0" carcount="0" countedcars="0" val="0" load="0" regval="0" maxload="0" pre_move_x="15" pre_move_y="2" pre_move_z="0" baseaddr="2" offset="" locid="" addr="2" routeids="[cb1+]-[sb2+],[cb2+]-[sb2+],[cb4-]-[sb2+]" bididir="0"/>
    <fb ori="east" id="sb3e" x="11" y="3" z="0" state="false" identifier="" gpssid="0" shortcut="false" counter="0" wheelcount="0" carcount="0" countedcars="0" val="0" load="0" regval="0" maxload="0" pre_move_x="16" pre_move_y="3" pre_move_z="0" baseaddr="3" offset="" locid="" addr="3" routeids="[cb1+]-[sb3+],[cb2+]-[sb3+],[cb4-]-[sb3+]" blockid="sb3" bididir="0"/>
    <fb ori="east" id="sb4e" x="12" y="4" z="0" state="false" identifier="" gpssid="0" shortcut="false" counter="0" wheelcount="0" carcount="0" countedcars="0" val="0" load="0" regval="0" maxload="0" pre_move_x="17" pre_move_y="4" pre_move_z="0" baseaddr="4" offset="" locid="" addr="4" routeids="[cb1+]-[sb4+],[cb2+]-[sb4+],[cb4-]-[sb4+]" blockid="sb4" bididir="0"/>
    <fb ori="east" id="sb1i" x="4" y="1" z="0" state="false" identifier="" gpssid="0" shortcut="false" counter="0" wheelcount="0" carcount="0" countedcars="0" val="0" load="0" regval="0" maxload="0" pre_move_x="8" pre_move_y="1" pre_move_z="0" baseaddr="0" offset="" locid="" addr="5" routeids="[sb1-]-[cb1+],[sb1-]-[cb3+],[sb1-]-[cb2+]" blockid="sb1" bididir="0"/>
    <fb ori="east" id="sb2i" x="5" y="2" z="0" state="false" identifier="" gpssid="0" shortcut="false" counter="0" wheelcount="0" carcount="0" countedcars="0" val="0" load="0" regval="0" maxload="0" pre_move_x="9" pre_move_y="2" pre_move_z="0" baseaddr="0" offset="" locid="" addr="6" routeids="[sb2-]-[cb1+],[sb2-]-[cb3+],[sb2-]-[cb2+]" blockid="sb2" bididir="0"/>
    <fb ori="east" id="sb3i" x="6" y="3" z="0" state="false" identifier="" gpssid="0" shortcut="false" counter="0" wheelcount="0" carcount="0" countedcars="0" val="0" load="0" regval="0" maxload="0" pre_move_x="10" pre_move_y="3" pre_move_z="0" baseaddr="0" offset="" locid="" addr="7" routeids="[sb3-]-[cb1+],[sb3-]-[cb3+],[sb3-]-[cb2+]" blockid="sb3" bididir="0"/>
    <fb ori="east" id="sb4i" x="7" y="4" z="0" state="false" identifier="" gpssid="0" pre_move_x="11" pre_move_y="4" pre_move_z="0" shortcut="false" counter="0" wheelcount="0" carcount="0" countedcars="0" val="0" load="0" regval="0" maxload="0" locid="" baseaddr="0" offset="" addr="8" routeids="[sb4-]-[cb1+],[sb4-]-[cb3+],[sb4-]-[cb2+]" blockid="sb4" bididir="0"/>
    <fb id="cb1e" x="13" y="8" z="0" state="false" identifier="" gpssid="0" pre_move_x="16" pre_move_y="8" pre_move_z="0" shortcut="false" counter="0" wheelcount="0" carcount="0" countedcars="0" val="0" load="0" regval="0" maxload="0" locid="" baseaddr="13" offset="" addr="13" prev_id="cb1e" desc="" decid="" show="true" road="false" curve="false" ignoresamestate="false" blockid="cb1" routeids="[sb1-]-[cb1+],[sb2-]-[cb1+],[sb3-]-[cb1+],[sb4-]-[cb1+],[cb1+]-[sb4+],[cb1+]-[sb3+],[cb1+]-[sb2+],[cb1+]-[sb1+]" accnr="0" timer="0" zerocodedelay="0" operable="true" iid="" uidname="" bus="0" reg0="0" reg1="0" reg2="0" reg3="0" reg4="0" reg5="0" reg6="0" reg7="0" cutoutbus="0" cutoutaddr="0" fbtype="0" activelow="false" resetwc="true" ctciid="" ctcaddr="0" ctcport="0" ctcgate="0" ctcasswitch="false" gpsx="0" gpsy="0" gpsz="0" gpstolx="0" gpstoly="0" gpstolz="0" bididir="0"/>
    <fb ori="west" id="cb2e" x="13" y="9" z="0" state="false" identifier="" gpssid="0" pre_move_x="16" pre_move_y="9" pre_move_z="0" shortcut="false" counter="0" wheelcount="0" carcount="0" countedcars="0" val="0" load="0" regval="0" maxload="0" locid="" baseaddr="14" offset="" addr="14" routeids="[sb1-]-[cb2+],[sb2-]-[cb2+],[sb3-]-[cb2+],[sb4-]-[cb2+],[cb2+]-[sb4+],[cb2+]-[sb3+],[cb2+]-[sb2+],[cb2+]-[sb1+]" blockid="cb2" bididir="0"/>
    <fb ori="west" id="cb1i" x="8" y="8" z="0" state="false" identifier="" gpssid="0" pre_move_x="10" pre_move_y="8" pre_move_z="0" shortcut="false" counter="0" wheelcount="0" carcount="0" countedcars="0" val="0" load="0" regval="0" maxload="0" locid="" baseaddr="0" offset="" addr="15" routeids="" blockid="cb1" bididir="0"/>
    <fb ori="west" id="cb2i" x="8" y="9" z="0" state="false" identifier="" gpssid="0" pre_move_x="10" pre_move_y="9" pre_move_z="0" shortcut="false" counter="0" wheelcount="0" carcount="0" countedcars="0" val="0" load="0" regval="0" maxload="0" locid="" baseaddr="0" offset="" addr="16" routeids="" bididir="0"/>
    <fb id="cb3e" x="11" y="11" z="0" state="false" identifier="" gpssid="0" shortcut="false" counter="0" wheelcount="0" carcount="0" countedcars="0" val="0" load="0" regval="0" maxload="0" addr="17" routeids="[sb1-]-[cb3+],[sb2-]-[cb3+],[sb3-]-[cb3+],[sb4-]-[cb3+]" pre_move_x="14" pre_move_y="11" pre_move_z="0" prev_id="cb3e" desc="" decid="" show="true" road="false" curve="false" ignoresamestate="false" blockid="" accnr="0" timer="0" zerocodedelay="0" operable="true" iid="" uidname="" bus="0" reg0="0" reg1="0" reg2="0" reg3="0" reg4="0" reg5="0" reg6="0" reg7="0" offset="" cutoutbus="0" cutoutaddr="0" fbtype="0" activelow="false" resetwc="true" ctciid="" ctcaddr="0" ctcport="0" ctcgate="0" ctcasswitch="false" gpsx="0" gpsy="0" gpsz="0" gpstolx="0" gpstoly="0" gpstolz="0" baseaddr="17" bididir="0"/>
    <fb ori="east" id="cb3i" x="6" y="11" z="0" state="false" identifier="" gpssid="0" shortcut="false" counter="0" wheelcount="0" carcount="0" countedcars="0" val="0" load="0" regval="0" maxload="0" addr="18" routeids="[cb3-]-[cb4+]" blockid="cb3" pre_move_x="8" pre_move_y="11" pre_move_z="0" bididir="0"/>
    <fb ori="east" id="cb4e" x="6" y="12" z="0" state="false" identifier="" gpssid="0" shortcut="false" counter="0" wheelcount="0" carcount="0" countedcars="0" val="0" load="0" regval="0" maxload="0" addr="19" routeids="[cb3-]-[cb4+]" blockid="cb4" pre_move_x="8" pre_move_y="12" pre_move_z="0" bididir="0"/>
    <fb ori="east" id="cb4i" x="11" y="12" z="0" state="false" identifier="" gpssid="0" shortcut="false" counter="0" wheelcount="0" carcount="0" countedcars="0" val="0" load="0" regval="0" maxload="0" addr="20" routeids="[cb4-]-[sb4+],[cb4-]-[sb3+],[cb4-]-[sb2+],[cb4-]-[sb1+]" blockid="cb4" pre_move_x="14" pre_move_y="12" pre_move_z="0" bididir="0"/>
    <fb id="loop" x="3" y="12" z="0" state="false" identifier="" gpssid="0" shortcut="false" counter="0" wheelcount="0" carcount="0" countedcars="0" val="0" load="0" regval="0" maxload="0" addr="21" routeids="[cb3-]-[cb4+]" pre_move_x="5" pre_move_y="12" pre_move_z="0" bididir="0"/>
  </fblist>
  <tklist>
    <tk type="dir" id="tk20171112120842390" x="10" y="1" z="0" pre_move_x="13" pre_move_y="1" pre_move_z="0" routeids="[cb1+]-[sb1+],[cb2+]-[sb1+],[cb4-]-[sb1+]" blockid="sb1"/>
    <tk type="dir" ori="west" id="tk20171112120843305" x="11" y="2" z="0" pre_move_x="14" pre_move_y="2" pre_move_z="0" routeids="[cb1+]-[sb2+],[cb2+]-[sb2+],[cb4-]-[sb2+]"/>
    <tk type="dir" ori="west" id="tk20171112120844244" x="12" y="3" z="0" pre_move_x="15" pre_move_y="3" pre_move_z="0" routeids="[cb1+]-[sb3+],[cb2+]-[sb3+],[cb4-]-[sb3+]" blockid="sb3"/>
    <tk type="dir" ori="west" id="tk20171112120845263" x="13" y="4" z="0" pre_move_x="16" pre_move_y="4" pre_move_z="0" routeids="[cb1+]-[sb4+],[cb2+]-[sb4+],[cb4-]-[sb4+]" blockid="sb4"/>
    <tk type="curve" id="tk20171112120907549" x="12" y="1" z="0" pre_move_x="16" pre_move_y="1" pre_move_z="0" routeids="[cb1+]-[sb1+],[cb2+]-[sb1+],[cb4-]-[sb1+]" blockid="sb1"/>
    <tk type="curve" ori="west" id="tk20171112120908905" x="13" y="2" z="0" pre_move_x="17" pre_move_y="2" pre_move_z="0" routeids="[cb1+]-[sb2+],[cb1+]-[sb1+],[cb2+]-[sb2+],[cb2+]-[sb1+],[cb4-]-[sb2+],[cb4-]-[sb1+]"/>
    <tk type="curve" ori="west" id="tk20171112120910142" x="14" y="3" z="0" pre_move_x="18" pre_move_y="3" pre_move_z="0" routeids="[cb1+]-[sb3+],[cb1+]-[sb2+],[cb1+]-[sb1+],[cb2+]-[sb3+],[cb2+]-[sb2+],[cb2+]-[sb1+],[cb4-]-[sb3+],[cb4-]-[sb2+],[cb4-]-[sb1+]"/>
    <tk type="straight" id="tk20171112121001461" x="11" y="1" z="0" pre_move_x="15" pre_move_y="1" pre_move_z="0" routeids="[cb1+]-[sb1+],[cb2+]-[sb1+],[cb4-]-[sb1+]" blockid="sb1"/>
    <tk type="curve" id="tk20171112121312086" x="2" y="2" z="0" ori="east" pre_move_x="6" pre_move_y="2" pre_move_z="0" routeids="[sb2-]-[cb1+],[sb2-]-[cb3+],[sb2-]-[cb2+],[sb3-]-[cb1+],[sb3-]-[cb3+],[sb3-]-[cb2+],[sb4-]-[cb1+],[sb4-]-[cb3+],[sb4-]-[cb2+]"/>
    <tk type="curve" ori="east" id="tk20171112121315537" x="3" y="3" z="0" pre_move_x="7" pre_move_y="3" pre_move_z="0" routeids="[sb3-]-[cb1+],[sb3-]-[cb3+],[sb3-]-[cb2+],[sb4-]-[cb1+],[sb4-]-[cb3+],[sb4-]-[cb2+]"/>
    <tk type="curve" ori="east" id="tk20171112121316587" x="4" y="4" z="0" pre_move_x="8" pre_move_y="4" pre_move_z="0" routeids="[sb4-]-[cb1+],[sb4-]-[cb3+],[sb4-]-[cb2+]" blockid="sb4"/>
    <tk type="straight" id="tk20171112121319069" x="5" y="4" z="0" pre_move_x="9" pre_move_y="4" pre_move_z="0" routeids="[sb4-]-[cb1+],[sb4-]-[cb3+],[sb4-]-[cb2+]" blockid="sb4"/>
    <tk type="straight" ori="east" id="tk20171112121358147" x="1" y="1" z="0" pre_move_x="5" pre_move_y="1" pre_move_z="0" routeids="[sb1-]-[cb1+],[sb1-]-[cb3+],[sb1-]-[cb2+],[sb2-]-[cb1+],[sb2-]-[cb3+],[sb2-]-[cb2+],[sb3-]-[cb1+],[sb3-]-[cb3+],[sb3-]-[cb2+],[sb4-]-[cb1+],[sb4-]-[cb3+],[sb4-]-[cb2+]"/>
    <tk type="curve" id="tk20171112121402647" x="0" y="1" z="0" ori="north" pre_move_x="4" pre_move_y="1" pre_move_z="0" routeids="[sb1-]-[cb1+],[sb1-]-[cb3+],[sb1-]-[cb2+],[sb2-]-[cb1+],[sb2-]-[cb3+],[sb2-]-[cb2+],[sb3-]-[cb1+],[sb3-]-[cb3+],[sb3-]-[cb2+],[sb4-]-[cb1+],[sb4-]-[cb3+],[sb4-]-[cb2+]"/>
    <tk type="curve" ori="east" id="tk20171112121407875" x="0" y="5" z="0" pre_move_x="4" pre_move_y="5" pre_move_z="0" routeids="[sb1-]-[cb1+],[sb1-]-[cb3+],[sb1-]-[cb2+],[sb2-]-[cb1+],[sb2-]-[cb3+],[sb2-]-[cb2+],[sb3-]-[cb1+],[sb3-]-[cb3+],[sb3-]-[cb2+],[sb4-]-[cb1+],[sb4-]-[cb3+],[sb4-]-[cb2+]"/>
    <tk type="straight" id="tk20171112121412811" x="0" y="2" z="0" ori="north" pre_move_x="4" pre_move_y="2" pre_move_z="0" routeids="[sb1-]-[cb1+],[sb1-]-[cb3+],[sb1-]-[cb2+],[sb2-]-[cb1+],[sb2-]-[cb3+],[sb2-]-[cb2+],[sb3-]-[cb1+],[sb3-]-[cb3+],[sb3-]-[cb2+],[sb4-]-[cb1+],[sb4-]-[cb3+],[sb4-]-[cb2+]"/>
    <tk type="straight" ori="north" id="tk20171112121415585" x="0" y="3" z="0" pre_move_x="4" pre_move_y="3" pre_move_z="0" routeids="[sb1-]-[cb1+],[sb1-]-[cb3+],[sb1-]-[cb2+],[sb2-]-[cb1+],[sb2-]-[cb3+],[sb2-]-[cb2+],[sb3-]-[cb1+],[sb3-]-[cb3+],[sb3-]-[cb2+],[sb4-]-[cb1+],[sb4-]-[cb3+],[sb4-]-[cb2+]"/>
    <tk type="straight" ori="north" id="tk20171112121416307" x="0" y="4" z="0" pre_move_x="4" pre_move_y="4" pre_move_z="0" routeids="[sb1-]-[cb1+],[sb1-]-[cb3+],[sb1-]-[cb2+],[sb2-]-[cb1+],[sb2-]-[cb3+],[sb2-]-[cb2+],[sb3-]-[cb1+],[sb3-]-[cb3+],[sb3-]-[cb2+],[sb4-]-[cb1+],[sb4-]-[cb3+],[sb4-]-[cb2+]"/>
    <tk type="straight" ori="east" id="tk20171112121417690" x="1" y="5" z="0" pre_move_x="5" pre_move_y="5" pre_move_z="0" routeids="[sb1-]-[cb1+],[sb1-]-[cb3+],[sb1-]-[cb2+],[sb2-]-[cb1+],[sb2-]-[cb3+],[sb2-]-[cb2+],[sb3-]-[cb1+],[sb3-]-[cb3+],[sb3-]-[cb2+],[sb4-]-[cb1+],[sb4-]-[cb3+],[sb4-]-[cb2+]"/>
    <tk type="straight" ori="east" id="tk20171112121420406" x="2" y="5" z="0" pre_move_x="6" pre_move_y="5" pre_move_z="0" routeids="[sb1-]-[cb1+],[sb1-]-[cb3+],[sb1-]-[cb2+],[sb2-]-[cb1+],[sb2-]-[cb3+],[sb2-]-[cb2+],[sb3-]-[cb1+],[sb3-]-[cb3+],[sb3-]-[cb2+],[sb4-]-[cb1+],[sb4-]-[cb3+],[sb4-]-[cb2+]"/>
    <tk type="straight" ori="east" id="tk20171112121421153" x="3" y="5" z="0" pre_move_x="7" pre_move_y="5" pre_move_z="0" routeids="[sb1-]-[cb1+],[sb1-]-[cb3+],[sb1-]-[cb2+],[sb2-]-[cb1+],[sb2-]-[cb3+],[sb2-]-[cb2+],[sb3-]-[cb1+],[sb3-]-[cb3+],[sb3-]-[cb2+],[sb4-]-[cb1+],[sb4-]-[cb3+],[sb4-]-[cb2+]"/>
    <tk type="straight" ori="east" id="tk20171112121421862" x="4" y="5" z="0" pre_move_x="8" pre_move_y="5" pre_move_z="0" routeids="[sb1-]-[cb1+],[sb1-]-[cb3+],[sb1-]-[cb2+],[sb2-]-[cb1+],[sb2-]-[cb3+],[sb2-]-[cb2+],[sb3-]-[cb1+],[sb3-]-[cb3+],[sb3-]-[cb2+],[sb4-]-[cb1+],[sb4-]-[cb3+],[sb4-]-[cb2+]"/>
    <tk type="straight" ori="east" id="tk20171112121422664" x="5" y="5" z="0" pre_move_x="9" pre_move_y="5" pre_move_z="0" routeids="[sb1-]-[cb1+],[sb1-]-[cb3+],[sb1-]-[cb2+],[sb2-]-[cb1+],[sb2-]-[cb3+],[sb2-]-[cb2+],[sb3-]-[cb1+],[sb3-]-[cb3+],[sb3-]-[cb2+],[sb4-]-[cb1+],[sb4-]-[cb3+],[sb4-]-[cb2+]"/>
    <tk type="straight" ori="east" id="tk20171112121423418" x="6" y="5" z="0" pre_move_x="10" pre_move_y="5" pre_move_z="0" routeids="[sb1-]-[cb1+],[sb1-]-[cb3+],[sb1-]-[cb2+],[sb2-]-[cb1+],[sb2-]-[cb3+],[sb2-]-[cb2+],[sb3-]-[cb1+],[sb3-]-[cb3+],[sb3-]-[cb2+],[sb4-]-[cb1+],[sb4-]-[cb3+],[sb4-]-[cb2+]"/>
    <tk type="straight" ori="east" id="tk20171112121424116" x="7" y="5" z="0" pre_move_x="11" pre_move_y="5" pre_move_z="0" routeids="[sb1-]-[cb1+],[sb1-]-[cb3+],[sb1-]-[cb2+],[sb2-]-[cb1+],[sb2-]-[cb3+],[sb2-]-[cb2+],[sb3-]-[cb1+],[sb3-]-[cb3+],[sb3-]-[cb2+],[sb4-]-[cb1+],[sb4-]-[cb3+],[sb4-]-[cb2+]"/>
    <tk type="straight" ori="east" id="tk20171112121424926" x="8" y="5" z="0" pre_move_x="12" pre_move_y="5" pre_move_z="0" routeids="[sb1-]-[cb1+],[sb1-]-[cb3+],[sb1-]-[cb2+],[sb2-]-[cb1+],[sb2-]-[cb3+],[sb2-]-[cb2+],[sb3-]-[cb1+],[sb3-]-[cb3+],[sb3-]-[cb2+],[sb4-]-[cb1+],[sb4-]-[cb3+],[sb4-]-[cb2+]"/>
    <tk type="straight" ori="east" id="tk20171112121425582" x="9" y="5" z="0" pre_move_x="13" pre_move_y="5" pre_move_z="0" routeids="[sb1-]-[cb1+],[sb1-]-[cb3+],[sb1-]-[cb2+],[sb2-]-[cb1+],[sb2-]-[cb3+],[sb2-]-[cb2+],[sb3-]-[cb1+],[sb3-]-[cb3+],[sb3-]-[cb2+],[sb4-]-[cb1+],[sb4-]-[cb3+],[sb4-]-[cb2+]"/>
    <tk type="straight" ori="east" id="tk20171112121426252" x="10" y="5" z="0" pre_move_x="14" pre_move_y="5" pre_move_z="0" routeids="[sb1-]-[cb1+],[sb1-]-[cb3+],[sb1-]-[cb2+],[sb2-]-[cb1+],[sb2-]-[cb3+],[sb2-]-[cb2+],[sb3-]-[cb1+],[sb3-]-[cb3+],[sb3-]-[cb2+],[sb4-]-[cb1+],[sb4-]-[cb3+],[sb4-]-[cb2+]"/>
    <tk type="straight" ori="east" id="tk20171112121426937" x="11" y="5" z="0" pre_move_x="15" pre_move_y="5" pre_move_z="0" routeids="[sb1-]-[cb1+],[sb1-]-[cb3+],[sb1-]-[cb2+],[sb2-]-[cb1+],[sb2-]-[cb3+],[sb2-]-[cb2+],[sb3-]-[cb1+],[sb3-]-[cb3+],[sb3-]-[cb2+],[sb4-]-[cb1+],[sb4-]-[cb3+],[sb4-]-[cb2+]"/>
    <tk type="straight" ori="east" id="tk20171112121427620" x="12" y="5" z="0" pre_move_x="16" pre_move_y="5" pre_move_z="0" routeids="[sb1-]-[cb1+],[sb1-]-[cb3+],[sb1-]-[cb2+],[sb2-]-[cb1+],[sb2-]-[cb3+],[sb2-]-[cb2+],[sb3-]-[cb1+],[sb3-]-[cb3+],[sb3-]-[cb2+],[sb4-]-[cb1+],[sb4-]-[cb3+],[sb4-]-[cb2+]"/>
    <tk type="straight" ori="east" id="tk20171112121428468" x="13" y="5" z="0" pre_move_x="17" pre_move_y="5" pre_move_z="0" routeids="[sb1-]-[cb1+],[sb1-]-[cb3+],[sb1-]-[cb2+],[sb2-]-[cb1+],[sb2-]-[cb3+],[sb2-]-[cb2+],[sb3-]-[cb1+],[sb3-]-[cb3+],[sb3-]-[cb2+],[sb4-]-[cb1+],[sb4-]-[cb3+],[sb4-]-[cb2+]"/>
    <tk type="straight" ori="east" id="tk20171112121429227" x="14" y="5" z="0" pre_move_x="18" pre_move_y="5" pre_move_z="0" routeids="[sb1-]-[cb1+],[sb1-]-[cb3+],[sb1-]-[cb2+],[sb2-]-[cb1+],[sb2-]-[cb3+],[sb2-]-[cb2+],[sb3-]-[cb1+],[sb3-]-[cb3+],[sb3-]-[cb2+],[sb4-]-[cb1+],[sb4-]-[cb3+],[sb4-]-[cb2+]"/>
    <tk type="straight" id="tk20171112121652528" x="15" y="4" z="0" routeids="[cb1+]-[sb4+],[cb1+]-[sb3+],[cb1+]-[sb2+],[cb1+]-[sb1+],[cb2+]-[sb4+],[cb2+]-[sb3+],[cb2+]-[sb2+],[cb2+]-[sb1+],[cb4-]-[sb4+],[cb4-]-[sb3+],[cb4-]-[sb2+],[cb4-]-[sb1+]"/>
    <tk type="straight" id="tk20171112121655303" x="15" y="5" z="0" routeids="[sb1-]-[cb1+],[sb1-]-[cb3+],[sb1-]-[cb2+],[sb2-]-[cb1+],[sb2-]-[cb3+],[sb2-]-[cb2+],[sb3-]-[cb1+],[sb3-]-[cb3+],[sb3-]-[cb2+],[sb4-]-[cb1+],[sb4-]-[cb3+],[sb4-]-[cb2+]"/>
    <tk type="straight" ori="east" id="tk20171112121658165" x="17" y="4" z="0" routeids="[cb1+]-[sb4+],[cb1+]-[sb3+],[cb1+]-[sb2+],[cb1+]-[sb1+],[cb2+]-[sb4+],[cb2+]-[sb3+],[cb2+]-[sb2+],[cb2+]-[sb1+],[cb4-]-[sb4+],[cb4-]-[sb3+],[cb4-]-[sb2+],[cb4-]-[sb1+]" blockid="" prev_id="tk20171112121658165" sensorid="" road="false" tknr="1" direxception=""/>
    <tk type="straight" ori="east" id="tk20171112121658939" x="17" y="5" z="0" routeids="[sb1-]-[cb1+],[sb1-]-[cb3+],[sb1-]-[cb2+],[sb2-]-[cb1+],[sb2-]-[cb3+],[sb2-]-[cb2+],[sb3-]-[cb1+],[sb3-]-[cb3+],[sb3-]-[cb2+],[sb4-]-[cb1+],[sb4-]-[cb3+],[sb4-]-[cb2+]"/>
    <tk type="straight" id="tk20171112121829032" x="16" y="4" z="0" routeids="[cb1+]-[sb4+],[cb1+]-[sb3+],[cb1+]-[sb2+],[cb1+]-[sb1+],[cb2+]-[sb4+],[cb2+]-[sb3+],[cb2+]-[sb2+],[cb2+]-[sb1+],[cb4-]-[sb4+],[cb4-]-[sb3+],[cb4-]-[sb2+],[cb4-]-[sb1+]" blockid="" prev_id="tk20171112121829032" sensorid="" road="false" tknr="1" direxception=""/>
    <tk type="straight" ori="east" id="tk20171112121830069" x="16" y="5" z="0" routeids="[sb1-]-[cb1+],[sb1-]-[cb3+],[sb1-]-[cb2+],[sb2-]-[cb1+],[sb2-]-[cb3+],[sb2-]-[cb2+],[sb3-]-[cb1+],[sb3-]-[cb3+],[sb3-]-[cb2+],[sb4-]-[cb1+],[sb4-]-[cb3+],[sb4-]-[cb2+]"/>
    <tk type="straight" ori="east" id="tk20171112121830951" x="19" y="5" z="0" routeids="[sb1-]-[cb1+],[sb1-]-[cb3+],[sb1-]-[cb2+],[sb2-]-[cb1+],[sb2-]-[cb3+],[sb2-]-[cb2+],[sb3-]-[cb1+],[sb3-]-[cb3+],[sb3-]-[cb2+],[sb4-]-[cb1+],[sb4-]-[cb3+],[sb4-]-[cb2+]"/>
    <tk type="straight" ori="east" id="tk20171112121831688" x="20" y="5" z="0" routeids="[sb1-]-[cb1+],[sb1-]-[cb3+],[sb1-]-[cb2+],[sb2-]-[cb1+],[sb2-]-[cb3+],[sb2-]-[cb2+],[sb3-]-[cb1+],[sb3-]-[cb3+],[sb3-]-[cb2+],[sb4-]-[cb1+],[sb4-]-[cb3+],[sb4-]-[cb2+]"/>
    <tk type="straight" ori="east" id="tk20171112121832534" x="19" y="4" z="0" routeids="[cb1+]-[sb4+],[cb1+]-[sb3+],[cb1+]-[sb2+],[cb1+]-[sb1+],[cb2+]-[sb4+],[cb2+]-[sb3+],[cb2+]-[sb2+],[cb2+]-[sb1+],[cb4-]-[sb4+],[cb4-]-[sb3+],[cb4-]-[sb2+],[cb4-]-[sb1+]" blockid="" prev_id="tk20171112121832534" sensorid="" road="false" tknr="1" direxception=""/>
    <tk type="straight" ori="east" id="tk20171112121833305" x="20" y="4" z="0" routeids="[cb1+]-[sb4+],[cb1+]-[sb3+],[cb1+]-[sb2+],[cb1+]-[sb1+],[cb2+]-[sb4+],[cb2+]-[sb3+],[cb2+]-[sb2+],[cb2+]-[sb1+],[cb4-]-[sb4+],[cb4-]-[sb3+],[cb4-]-[sb2+],[cb4-]-[sb1+]" blockid="" prev_id="tk20171112121833305" sensorid="" road="false" tknr="1" direxception=""/>
    <tk type="straight" id="tk20171112121844226" x="21" y="4" z="0" routeids="[cb1+]-[sb4+],[cb1+]-[sb3+],[cb1+]-[sb2+],[cb1+]-[sb1+],[cb2+]-[sb4+],[cb2+]-[sb3+],[cb2+]-[sb2+],[cb2+]-[sb1+],[cb4-]-[sb4+],[cb4-]-[sb3+],[cb4-]-[sb2+],[cb4-]-[sb1+]" pre_move_x="23" pre_move_y="4" pre_move_z="0" blockid="" prev_id="tk20171112121844226" sensorid="" road="false" tknr="1" direxception=""/>
    <tk type="curve" id="tk20171112121848867" x="21" y="5" z="0" routeids="[sb1-]-[cb1+],[sb1-]-[cb3+],[sb1-]-[cb2+],[sb2-]-[cb1+],[sb2-]-[cb3+],[sb2-]-[cb2+],[sb3-]-[cb1+],[sb3-]-[cb3+],[sb3-]-[cb2+],[sb4-]-[cb1+],[sb4-]-[cb3+],[sb4-]-[cb2+]" pre_move_x="23" pre_move_y="5" pre_move_z="0"/>
    <tk type="curve" ori="west" id="tk20171112121850139" x="22" y="4" z="0" routeids="[cb1+]-[sb4+],[cb1+]-[sb3+],[cb1+]-[sb2+],[cb1+]-[sb1+],[cb2+]-[sb4+],[cb2+]-[sb3+],[cb2+]-[sb2+],[cb2+]-[sb1+],[cb4-]-[sb4+],[cb4-]-[sb3+],[cb4-]-[sb2+],[cb4-]-[sb1+]" pre_move_x="24" pre_move_y="4" pre_move_z="0" blockid="" prev_id="tk20171112121850139" sensorid="" road="false" tknr="1" direxception=""/>
    <tk type="straight" id="tk20171112121920365" x="21" y="6" z="0" ori="north" routeids="[sb1-]-[cb1+],[sb1-]-[cb3+],[sb1-]-[cb2+],[sb2-]-[cb1+],[sb2-]-[cb3+],[sb2-]-[cb2+],[sb3-]-[cb1+],[sb3-]-[cb3+],[sb3-]-[cb2+],[sb4-]-[cb1+],[sb4-]-[cb3+],[sb4-]-[cb2+]" pre_move_x="23" pre_move_y="6" pre_move_z="0"/>
    <tk type="straight" ori="north" id="tk20171112121923381" x="22" y="5" z="0" routeids="[cb1+]-[sb4+],[cb1+]-[sb3+],[cb1+]-[sb2+],[cb1+]-[sb1+],[cb2+]-[sb4+],[cb2+]-[sb3+],[cb2+]-[sb2+],[cb2+]-[sb1+],[cb4-]-[sb4+],[cb4-]-[sb3+],[cb4-]-[sb2+],[cb4-]-[sb1+]" pre_move_x="24" pre_move_y="5" pre_move_z="0" blockid="" prev_id="tk20171112121923381" sensorid="" road="false" tknr="1" direxception=""/>
    <tk type="straight" ori="north" id="tk20171112121924273" x="22" y="6" z="0" routeids="[cb1+]-[sb4+],[cb1+]-[sb3+],[cb1+]-[sb2+],[cb1+]-[sb1+],[cb2+]-[sb4+],[cb2+]-[sb3+],[cb2+]-[sb2+],[cb2+]-[sb1+],[cb4-]-[sb4+],[cb4-]-[sb3+],[cb4-]-[sb2+],[cb4-]-[sb1+]" pre_move_x="24" pre_move_y="6" pre_move_z="0" blockid="" prev_id="tk20171112121924273" sensorid="" road="false" tknr="1" direxception=""/>
    <tk type="dir" ori="south" id="tk20171112121926035" x="22" y="7" z="0" routeids="[cb1+]-[sb4+],[cb1+]-[sb3+],[cb1+]-[sb2+],[cb1+]-[sb1+],[cb2+]-[sb4+],[cb2+]-[sb3+],[cb2+]-[sb2+],[cb2+]-[sb1+],[cb4-]-[sb4+],[cb4-]-[sb3+],[cb4-]-[sb2+],[cb4-]-[sb1+]" pre_move_x="24" pre_move_y="7" pre_move_z="0" prev_id="tk20171112121926035" blockid="" sensorid="" road="false" tknr="1" direxception=""/>
    <tk type="straight" id="tk20171112121937776" x="18" y="8" z="0" ori="east" routeids="[sb1-]-[cb1+],[sb1-]-[cb3+],[sb1-]-[cb2+],[sb2-]-[cb1+],[sb2-]-[cb3+],[sb2-]-[cb2+],[sb3-]-[cb1+],[sb3-]-[cb3+],[sb3-]-[cb2+],[sb4-]-[cb1+],[sb4-]-[cb3+],[sb4-]-[cb2+],[cb1+]-[sb4+],[cb1+]-[sb3+],[cb1+]-[sb2+],[cb1+]-[sb1+]" pre_move_x="23" pre_move_y="8" pre_move_z="0" prev_id="tk20171112121937776" blockid="" sensorid="" road="false" tknr="1"/>
    <tk type="curve" ori="south" id="tk20171112121942354" x="22" y="9" z="0" routeids="[cb2+]-[sb4+],[cb2+]-[sb3+],[cb2+]-[sb2+],[cb2+]-[sb1+],[cb4-]-[sb4+],[cb4-]-[sb3+],[cb4-]-[sb2+],[cb4-]-[sb1+]" pre_move_x="24" pre_move_y="9" pre_move_z="0"/>
    <tk type="straight" id="tk20171112121945944" x="21" y="9" z="0" routeids="[cb2+]-[sb4+],[cb2+]-[sb3+],[cb2+]-[sb2+],[cb2+]-[sb1+],[cb4-]-[sb4+],[cb4-]-[sb3+],[cb4-]-[sb2+],[cb4-]-[sb1+]" pre_move_x="23" pre_move_y="9" pre_move_z="0"/>
    <tk type="straight" id="tk20171112122039245" x="15" y="8" z="0" pre_move_x="15" pre_move_y="8" pre_move_z="0" routeids="[sb1-]-[cb1+],[sb2-]-[cb1+],[sb3-]-[cb1+],[sb4-]-[cb1+],[cb1+]-[sb4+],[cb1+]-[sb3+],[cb1+]-[sb2+],[cb1+]-[sb1+]" blockid="cb1"/>
    <tk type="straight" ori="west" id="tk20171112122040287" x="15" y="9" z="0" pre_move_x="15" pre_move_y="9" pre_move_z="0" routeids="[sb1-]-[cb2+],[sb2-]-[cb2+],[sb3-]-[cb2+],[sb4-]-[cb2+],[cb2+]-[sb4+],[cb2+]-[sb3+],[cb2+]-[sb2+],[cb2+]-[sb1+]" blockid="cb2"/>
    <tk type="buffer" id="tk20171112122119917" x="7" y="8" z="0" ori="east" pre_move_x="9" pre_move_y="8" pre_move_z="0" routeids="" blockid="cb1"/>
    <tk type="buffer" ori="east" id="tk20171112122130420" x="7" y="9" z="0" pre_move_x="9" pre_move_y="9" pre_move_z="0" routeids=""/>
    <tk type="curve" id="tk20171112122306880" x="17" y="11" z="0" ori="south" routeids="[cb4-]-[sb4+],[cb4-]-[sb3+],[cb4-]-[sb2+],[cb4-]-[sb1+]" blockid="cb4" pre_move_x="19" pre_move_y="11" pre_move_z="0"/>
    <tk type="straight" id="tk20171112122316493" x="16" y="8" z="0" routeids="[sb1-]-[cb1+],[sb2-]-[cb1+],[sb3-]-[cb1+],[sb4-]-[cb1+],[cb1+]-[sb4+],[cb1+]-[sb3+],[cb1+]-[sb2+],[cb1+]-[sb1+]" blockid="cb1" pre_move_x="18" pre_move_y="8" pre_move_z="0"/>
    <tk type="dir" ori="north" id="tk20171112122322081" x="21" y="7" z="0" prev_id="tk20171112122322081" blockid="" sensorid="" road="false" routeids="[sb1-]-[cb1+],[sb1-]-[cb3+],[sb1-]-[cb2+],[sb2-]-[cb1+],[sb2-]-[cb3+],[sb2-]-[cb2+],[sb3-]-[cb1+],[sb3-]-[cb3+],[sb3-]-[cb2+],[sb4-]-[cb1+],[sb4-]-[cb3+],[sb4-]-[cb2+]" tknr="1" pre_move_x="21" pre_move_y="8" pre_move_z="0"/>
    <tk type="straight" ori="west" id="tk20171112122322841" x="20" y="8" z="0" routeids="[sb1-]-[cb1+],[sb1-]-[cb3+],[sb1-]-[cb2+],[sb2-]-[cb1+],[sb2-]-[cb3+],[sb2-]-[cb2+],[sb3-]-[cb1+],[sb3-]-[cb3+],[sb3-]-[cb2+],[sb4-]-[cb1+],[sb4-]-[cb3+],[sb4-]-[cb2+],[cb1+]-[sb4+],[cb1+]-[sb3+],[cb1+]-[sb2+],[cb1+]-[sb1+]" pre_move_x="22" pre_move_y="8" pre_move_z="0"/>
    <tk type="dir" ori="east" id="tk20171112122323483" x="20" y="9" z="0" prev_id="tk20171112122323483" blockid="" sensorid="" road="false" routeids="[cb2+]-[sb4+],[cb2+]-[sb3+],[cb2+]-[sb2+],[cb2+]-[sb1+],[cb4-]-[sb4+],[cb4-]-[sb3+],[cb4-]-[sb2+],[cb4-]-[sb1+]" tknr="1" pre_move_x="22" pre_move_y="9" pre_move_z="0"/>
    <tk type="straight" ori="west" id="tk20171112122324213" x="19" y="9" z="0" routeids="[cb2+]-[sb4+],[cb2+]-[sb3+],[cb2+]-[sb2+],[cb2+]-[sb1+],[cb4-]-[sb4+],[cb4-]-[sb3+],[cb4-]-[sb2+],[cb4-]-[sb1+]" pre_move_x="21" pre_move_y="9" pre_move_z="0"/>
    <tk type="straight" ori="west" id="tk20171112122324994" x="13" y="11" z="0" routeids="[sb1-]-[cb3+],[sb2-]-[cb3+],[sb3-]-[cb3+],[sb4-]-[cb3+]" pre_move_x="15" pre_move_y="11" pre_move_z="0" prev_id="tk20171112122324994" blockid="" sensorid="" road="false" tknr="1" direxception=""/>
    <tk type="curve" id="tk20171112130441769" x="18" y="10" z="0" ori="south" routeids="[cb4-]-[sb4+],[cb4-]-[sb3+],[cb4-]-[sb2+],[cb4-]-[sb1+]" blockid="cb4" pre_move_x="20" pre_move_y="10" pre_move_z="0"/>
    <tk type="curve" ori="north" id="tk20171112130446984" x="17" y="10" z="0" routeids="[cb4-]-[sb4+],[cb4-]-[sb3+],[cb4-]-[sb2+],[cb4-]-[sb1+]" blockid="cb4" pre_move_x="19" pre_move_y="10" pre_move_z="0"/>
    <tk type="curve" id="tk20171112130908274" x="16" y="10" z="0" ori="south" routeids="[sb1-]-[cb3+],[sb2-]-[cb3+],[sb3-]-[cb3+],[sb4-]-[cb3+]" blockid="cb3" pre_move_x="18" pre_move_y="10" pre_move_z="0"/>
    <tk type="curve" ori="north" id="tk20171112130914495" x="15" y="10" z="0" routeids="[sb1-]-[cb3+],[sb2-]-[cb3+],[sb3-]-[cb3+],[sb4-]-[cb3+]" blockid="cb3" pre_move_x="17" pre_move_y="10" pre_move_z="0"/>
    <tk type="dir" id="tk20171112131011089" x="12" y="11" z="0" routeids="[sb1-]-[cb3+],[sb2-]-[cb3+],[sb3-]-[cb3+],[sb4-]-[cb3+]" blockid="cb3" pre_move_x="13" pre_move_y="11" pre_move_z="0" prev_id="tk20171112131011089" sensorid="" road="false" tknr="1" direxception=""/>
    <tk type="dir" ori="east" id="tk20171112131012530" x="13" y="12" z="0" routeids="[cb4-]-[sb4+],[cb4-]-[sb3+],[cb4-]-[sb2+],[cb4-]-[sb1+]" blockid="cb4" pre_move_x="13" pre_move_y="12" pre_move_z="0"/>
    <tk type="straight" id="tk20171112131155307" x="5" y="12" z="0" routeids="[cb3-]-[cb4+]" pre_move_x="7" pre_move_y="12" pre_move_z="0"/>
    <tk type="straight" ori="west" id="tk20171112131156827" x="4" y="12" z="0" routeids="[cb3-]-[cb4+]" pre_move_x="6" pre_move_y="12" pre_move_z="0"/>
    <tk type="curve" id="tk20171112131201829" x="1" y="12" z="0" ori="east" routeids="[cb3-]-[cb4+]" pre_move_x="3" pre_move_y="12" pre_move_z="0"/>
    <tk type="curve" ori="east" id="tk20171112131205570" x="4" y="11" z="0" routeids="[cb3-]-[cb4+]" blockid="cb3" pre_move_x="6" pre_move_y="11" pre_move_z="0"/>
    <tk type="curve" ori="west" id="tk20171112131209796" x="4" y="9" z="0" routeids="[cb3-]-[cb4+]" pre_move_x="6" pre_move_y="9" pre_move_z="0"/>
    <tk type="curve" ori="north" id="tk20171112131215255" x="1" y="9" z="0" routeids="[cb3-]-[cb4+]" pre_move_x="3" pre_move_y="9" pre_move_z="0"/>
    <tk type="straight" id="tk20171112131229194" x="2" y="9" z="0" routeids="[cb3-]-[cb4+]" pre_move_x="4" pre_move_y="9" pre_move_z="0"/>
    <tk type="straight" ori="east" id="tk20171112131230106" x="3" y="9" z="0" routeids="[cb3-]-[cb4+]" pre_move_x="5" pre_move_y="9" pre_move_z="0"/>
    <tk type="dir" ori="south" id="tk20171112131231874" x="4" y="10" z="0" prev_id="tk20171112131231874" blockid="" sensorid="" road="false" routeids="[cb3-]-[cb4+]" tknr="1" pre_move_x="6" pre_move_y="10" pre_move_z="0"/>
    <tk type="straight" ori="north" id="tk20171112131232821" x="1" y="10" z="0" routeids="[cb3-]-[cb4+]" pre_move_x="3" pre_move_y="10" pre_move_z="0"/>
    <tk type="straight" ori="north" id="tk20171112131233492" x="1" y="11" z="0" routeids="[cb3-]-[cb4+]" pre_move_x="3" pre_move_y="11" pre_move_z="0"/>
    <tk type="straight" ori="east" id="tk20171112131236494" x="2" y="12" z="0" routeids="[cb3-]-[cb4+]" pre_move_x="4" pre_move_y="12" pre_move_z="0"/>
    <tk type="straight" ori="east" id="tk20171112131327357" x="14" y="12" z="0" routeids="[cb4-]-[sb4+],[cb4-]-[sb3+],[cb4-]-[sb2+],[cb4-]-[sb1+]" blockid="cb4" pre_move_x="16" pre_move_y="12" pre_move_z="0"/>
    <tk type="straight" ori="east" id="tk20171112131328846" x="14" y="11" z="0" routeids="[sb1-]-[cb3+],[sb2-]-[cb3+],[sb3-]-[cb3+],[sb4-]-[cb3+]" pre_move_x="16" pre_move_y="11" pre_move_z="0" prev_id="tk20171112131328846" blockid="" sensorid="" road="false" tknr="1" direxception=""/>
    <tk type="curve" id="tk20171112131336574" x="15" y="11" z="0" ori="south" routeids="[sb1-]-[cb3+],[sb2-]-[cb3+],[sb3-]-[cb3+],[sb4-]-[cb3+]" blockid="cb3" pre_move_x="17" pre_move_y="11" pre_move_z="0"/>
    <tk type="curve" ori="north" id="tk20171112131340949" x="16" y="11" z="0" routeids="[cb4-]-[sb4+],[cb4-]-[sb3+],[cb4-]-[sb2+],[cb4-]-[sb1+]" blockid="cb4" pre_move_x="18" pre_move_y="11" pre_move_z="0"/>
    <tk type="curve" ori="south" id="tk20171112131344022" x="16" y="12" z="0" routeids="[cb4-]-[sb4+],[cb4-]-[sb3+],[cb4-]-[sb2+],[cb4-]-[sb1+]" blockid="cb4" pre_move_x="18" pre_move_y="12" pre_move_z="0"/>
    <tk type="straight" id="tk20171112131350007" x="15" y="12" z="0" routeids="[cb4-]-[sb4+],[cb4-]-[sb3+],[cb4-]-[sb2+],[cb4-]-[sb1+]" blockid="cb4" pre_move_x="17" pre_move_y="12" pre_move_z="0"/>
    <tk type="dir" ori="west" id="dircb1" x="19" y="8" z="0" routeids="[sb1-]-[cb1+],[sb1-]-[cb3+],[sb1-]-[cb2+],[sb2-]-[cb1+],[sb2-]-[cb3+],[sb2-]-[cb2+],[sb3-]-[cb1+],[sb3-]-[cb3+],[sb3-]-[cb2+],[sb4-]-[cb1+],[sb4-]-[cb3+],[sb4-]-[cb2+],[cb1+]-[sb4+],[cb1+]-[sb3+],[cb1+]-[sb2+],[cb1+]-[sb1+]" pre_move_x="23" pre_move_y="7" pre_move_z="0" prev_id="dircb1" blockid="" sensorid="" road="false" tknr="1" direxception="cb1"/>
  </tklist>
  <sglist>
    <sg type="light" signal="main" id="sb1s" x="3" y="1" z="0" state="red" pre_move_x="7" pre_move_y="1" pre_move_z="0" routeids="[sb1-]-[cb1+],[sb1-]-[cb3+],[sb1-]-[cb2+]" blockid="sb1" manual="false" aspect="0" addr1="0"/>
    <sg type="light" signal="main" ori="west" id="sb2s" x="4" y="2" z="0" state="red" pre_move_x="8" pre_move_y="2" pre_move_z="0" routeids="[sb2-]-[cb1+],[sb2-]-[cb3+],[sb2-]-[cb2+]" blockid="sb2" manual="false" aspect="0" addr1="0"/>
    <sg type="light" signal="main" ori="west" id="sb3s" x="5" y="3" z="0" state="red" pre_move_x="9" pre_move_y="3" pre_move_z="0" routeids="[sb3-]-[cb1+],[sb3-]-[cb3+],[sb3-]-[cb2+]" blockid="sb3" manual="false" aspect="0" addr1="0"/>
    <sg type="light" signal="main" ori="west" id="sb4s" x="6" y="4" z="0" state="red" pre_move_x="10" pre_move_y="4" pre_move_z="0" routeids="[sb4-]-[cb1+],[sb4-]-[cb3+],[sb4-]-[cb2+]" blockid="sb4" manual="false" aspect="0" addr1="0"/>
    <sg type="light" signal="main" id="cb2s" x="14" y="9" z="0" state="red" manual="false" aspect="0" ori="east" pre_move_x="17" pre_move_y="9" pre_move_z="0" locid="" routeids="[sb1-]-[cb2+],[sb2-]-[cb2+],[sb3-]-[cb2+],[sb4-]-[cb2+],[cb2+]-[sb4+],[cb2+]-[sb3+],[cb2+]-[sb2+],[cb2+]-[sb1+]" blockid="cb2" addr1="0"/>
    <sg type="light" signal="main" ori="east" id="cb1s" x="14" y="8" z="0" state="red" pre_move_x="17" pre_move_y="8" pre_move_z="0" manual="false" aspect="0" locid="" routeids="[sb1-]-[cb1+],[sb2-]-[cb1+],[sb3-]-[cb1+],[sb4-]-[cb1+],[cb1+]-[sb4+],[cb1+]-[sb3+],[cb1+]-[sb2+],[cb1+]-[sb1+]" blockid="cb1" addr1="0"/>
    <sg type="light" signal="main" id="cb4s" x="12" y="12" z="0" state="red" manual="false" aspect="0" ori="east" routeids="[cb4-]-[sb4+],[cb4-]-[sb3+],[cb4-]-[sb2+],[cb4-]-[sb1+]" blockid="cb4" pre_move_x="15" pre_move_y="12" pre_move_z="0" addr1="0"/>
    <sg type="light" signal="main" ori="west" id="cb3s" x="5" y="11" z="0" state="red" manual="false" aspect="0" routeids="[cb3-]-[cb4+]" blockid="cb3" pre_move_x="7" pre_move_y="11" pre_move_z="0" addr1="0"/>
  </sglist>
  <txlist>
    <tx id="staging1" text="Staging Area" x="5" y="0" z="0" block="" prev_id="staging1" desc="" pointsize="0" bold="true" underlined="false" border="false" italic="false" transparent="true" mirror="false" manualinput="false" show="true" reset="false" clock="false" webcam="false" refresh="0" ori="west" iid="" bus="0" addr="0" display="1" speak="false" cx="5" cy="1" sliderval="0" html="false" center="false" fixed="false" slider="false" toggle="false" slidermin="0" slidermax="255"/>
    <tx id="cbtxt1" text="Central Station" x="9" y="7" z="0" block="" prev_id="cbtxt1" desc="" pointsize="0" bold="true" underlined="false" border="false" italic="false" transparent="true" mirror="false" manualinput="false" show="true" reset="false" clock="false" webcam="false" refresh="0" ori="west" iid="" bus="0" addr="0" display="1" speak="false" cx="5" cy="1" pre_move_x="11" pre_move_y="7" pre_move_z="0" cmd="move" html="false" center="false" fixed="false" slider="false" toggle="false" slidermin="0" slidermax="255"/>
    <tx id="DisplayOut" x="4" y="15" prev_id="DisplayOut" text="ZZAMSG#D01D02D03D04D05D06D07D08###########" desc="" pointsize="0" html="false" bold="false" center="false" fixed="false" underlined="false" border="true" italic="false" mirror="false" show="true" reset="false" refresh="0" webcam="false" manualinput="false" clock="false" slider="false" toggle="false" slidermin="0" slidermax="255" ori="west" iid="rocnet-mqtt" bus="0" addr="0" display="1" speak="false" cx="20" cy="3" block="cb1" borderred="0" bordergreen="0" borderblue="0" sliderval="0" bgred="255" bggreen="255" bgblue="255" location=""/>
    <tx id="WikiLink" text="&lt;a href=&quot;https://github.com/chrisweather/RocMQTTdisplay/wiki&quot;&gt;https://github.com/chrisweather/RocMQTTdisplay/wiki&lt;/a&gt;" x="4" y="21" z="0" block="" sliderval="0" prev_id="WikiLink" desc="" pointsize="0" html="true" bold="false" center="false" fixed="false" underlined="false" border="false" italic="false" mirror="false" show="true" reset="false" refresh="0" webcam="false" manualinput="false" clock="false" slider="false" toggle="false" slidermin="0" slidermax="255" ori="west" iid="" bus="0" addr="0" display="1" speak="false" cx="16" cy="1" state="true"/>
    <tx id="RocMQTTdisplayInput" x="4" y="19" prev_id="RocMQTTdisplayInput" text="ZZAMSG#D01D02D03#T6#RocMQTTdisplay#########" desc="" pointsize="0" html="false" bold="false" center="false" fixed="false" underlined="false" border="true" italic="false" mirror="false" show="true" reset="false" refresh="0" webcam="false" manualinput="true" clock="false" slider="false" toggle="false" slidermin="0" slidermax="255" ori="west" iid="" bus="0" addr="0" display="1" speak="false" cx="20" cy="1" block="" sliderval="0" bgred="255" bggreen="255" bgblue="255">
      <actionctrl id="ManualUpdate" state="on" desc="" lcid="" reset="true" allconditions="true" callerparam="" atcmd="true" atevt="false" auto="true" manual="true" substate="" duration="0" timer="0" callerid="RocMQTTdisplayInput" callertype="tx" callerdesc="" calleruserdata="" regval="0"/>
    </tx>
    <tx id="Demo1tx" text="Demo 1" x="25" y="15" z="0" block="" sliderval="0" prev_id="tx1" desc="" pointsize="0" html="false" bold="false" center="false" fixed="false" underlined="false" border="false" italic="false" mirror="false" show="true" reset="false" refresh="0" webcam="false" manualinput="false" clock="false" slider="false" toggle="false" slidermin="0" slidermax="255" ori="west" iid="" bus="0" addr="0" display="1" speak="false" cx="3" cy="1"/>
    <tx id="Demo2tx" text="Demo 2" x="25" y="16" z="0" block="" sliderval="0" prev_id="tx2" desc="" pointsize="0" html="false" bold="false" center="false" fixed="false" underlined="false" border="false" italic="false" mirror="false" show="true" reset="false" refresh="0" webcam="false" manualinput="false" clock="false" slider="false" toggle="false" slidermin="0" slidermax="255" ori="west" iid="" bus="0" addr="0" display="1" speak="false" cx="3" cy="1"/>
    <tx id="Demo3tx" text="Demo 3" x="25" y="17" z="0" block="" sliderval="0" prev_id="tx3" desc="" pointsize="0" html="false" bold="false" center="false" fixed="false" underlined="false" border="false" italic="false" mirror="false" show="true" reset="false" refresh="0" webcam="false" manualinput="false" clock="false" slider="false" toggle="false" slidermin="0" slidermax="255" ori="west" iid="" bus="0" addr="0" display="1" speak="false" cx="3" cy="1"/>
    <tx id="Headline" text="Roc-MQTT-Display Demo" x="4" y="14" z="0" block="" sliderval="0" prev_id="tx4" desc="" pointsize="0" html="false" bold="true" center="false" fixed="false" underlined="false" border="false" italic="false" mirror="false" show="true" reset="false" refresh="0" webcam="false" manualinput="false" clock="false" slider="false" toggle="false" slidermin="0" slidermax="255" ori="west" iid="" bus="0" addr="0" display="1" speak="false" cx="8" cy="1"/>
    <tx id="Outputtx" text="Output sent 
via MQTT to 
the displays" x="1" y="15" z="0" block="" sliderval="0" prev_id="tx6" desc="" pointsize="0" html="false" bold="false" center="false" fixed="false" underlined="false" border="false" italic="false" mirror="false" show="true" reset="false" refresh="0" webcam="false" manualinput="false" clock="false" slider="false" toggle="false" slidermin="0" slidermax="255" ori="west" iid="" bus="0" addr="0" display="1" speak="false" cx="3" cy="3"/>
    <tx id="Sendtx" text="Send" x="25" y="19" z="0" block="" sliderval="0" prev_id="tx7" desc="" pointsize="0" html="false" bold="false" center="false" fixed="false" underlined="false" border="false" italic="false" mirror="false" show="true" reset="false" refresh="0" webcam="false" manualinput="false" clock="false" slider="false" toggle="false" slidermin="0" slidermax="255" ori="west" iid="" bus="0" addr="0" display="1" speak="false" cx="3" cy="1"/>
  </txlist>
  <stlist>
    <st id="[sb1-]-[cb1+]" desc="Generated by the analyser" autogen="false" bka="sb1" bkb="cb1" bkaside="false" bkbside="true" show="false" x="0" y="0" shunting="false" status="0">
      <swcmd id="sw4" type="sw" cmd="straight"/>
      <swcmd id="sw7" type="sw" cmd="turnout"/>
      <swcmd id="sw8" type="sw" cmd="straight"/>
    </st>
    <st id="[sb1-]-[cb3+]" desc="Generated by the analyser" autogen="false" bka="sb1" bkb="cb3" bkaside="false" bkbside="true" show="false" x="0" y="0" shunting="false" status="0">
      <swcmd id="sw4" type="sw" cmd="straight"/>
      <swcmd id="sw7" type="sw" cmd="turnout"/>
      <swcmd id="sw8" type="sw" cmd="turnout"/>
      <swcmd id="sw10" type="sw" cmd="turnout"/>
    </st>
    <st id="[sb1-]-[cb2+]" desc="Generated by the analyser" autogen="false" bka="sb1" bkb="cb2" bkaside="false" bkbside="true" show="false" x="0" y="0" shunting="false" status="0">
      <swcmd id="sw4" type="sw" cmd="straight"/>
      <swcmd id="sw7" type="sw" cmd="turnout"/>
      <swcmd id="sw8" type="sw" cmd="turnout"/>
      <swcmd id="sw10" type="sw" cmd="right"/>
    </st>
    <st id="[sb2-]-[cb1+]" desc="Generated by the analyser" autogen="false" bka="sb2" bkb="cb1" bkaside="false" bkbside="true" show="false" x="0" y="0" shunting="false" status="0">
      <swcmd id="sw5" type="sw" cmd="straight"/>
      <swcmd id="sw4" type="sw" cmd="turnout"/>
      <swcmd id="sw7" type="sw" cmd="turnout"/>
      <swcmd id="sw8" type="sw" cmd="straight"/>
    </st>
    <st id="[sb2-]-[cb3+]" desc="Generated by the analyser" autogen="false" bka="sb2" bkb="cb3" bkaside="false" bkbside="true" show="false" x="0" y="0" shunting="false" status="0">
      <swcmd id="sw5" type="sw" cmd="straight"/>
      <swcmd id="sw4" type="sw" cmd="turnout"/>
      <swcmd id="sw7" type="sw" cmd="turnout"/>
      <swcmd id="sw8" type="sw" cmd="turnout"/>
      <swcmd id="sw10" type="sw" cmd="turnout"/>
    </st>
    <st id="[sb2-]-[cb2+]" desc="Generated by the analyser" autogen="false" bka="sb2" bkb="cb2" bkaside="false" bkbside="true" show="false" x="0" y="0" shunting="false" status="0">
      <swcmd id="sw5" type="sw" cmd="straight"/>
      <swcmd id="sw4" type="sw" cmd="turnout"/>
      <swcmd id="sw7" type="sw" cmd="turnout"/>
      <swcmd id="sw8" type="sw" cmd="turnout"/>
      <swcmd id="sw10" type="sw" cmd="right"/>
    </st>
    <st id="[sb3-]-[cb1+]" desc="Generated by the analyser" autogen="false" bka="sb3" bkb="cb1" bkaside="false" bkbside="true" show="false" x="0" y="0" shunting="false" status="0">
      <swcmd id="sw6" type="sw" cmd="straight"/>
      <swcmd id="sw5" type="sw" cmd="turnout"/>
      <swcmd id="sw4" type="sw" cmd="turnout"/>
      <swcmd id="sw7" type="sw" cmd="turnout"/>
      <swcmd id="sw8" type="sw" cmd="straight"/>
    </st>
    <st id="[sb3-]-[cb3+]" desc="Generated by the analyser" autogen="false" bka="sb3" bkb="cb3" bkaside="false" bkbside="true" show="false" x="0" y="0" shunting="false" status="0">
      <swcmd id="sw6" type="sw" cmd="straight"/>
      <swcmd id="sw5" type="sw" cmd="turnout"/>
      <swcmd id="sw4" type="sw" cmd="turnout"/>
      <swcmd id="sw7" type="sw" cmd="turnout"/>
      <swcmd id="sw8" type="sw" cmd="turnout"/>
      <swcmd id="sw10" type="sw" cmd="turnout"/>
    </st>
    <st id="[sb3-]-[cb2+]" desc="Generated by the analyser" autogen="false" bka="sb3" bkb="cb2" bkaside="false" bkbside="true" show="false" x="0" y="0" shunting="false" status="0">
      <swcmd id="sw6" type="sw" cmd="straight"/>
      <swcmd id="sw5" type="sw" cmd="turnout"/>
      <swcmd id="sw4" type="sw" cmd="turnout"/>
      <swcmd id="sw7" type="sw" cmd="turnout"/>
      <swcmd id="sw8" type="sw" cmd="turnout"/>
      <swcmd id="sw10" type="sw" cmd="right"/>
    </st>
    <st id="[sb4-]-[cb1+]" desc="Generated by the analyser" autogen="false" bka="sb4" bkb="cb1" bkaside="false" bkbside="true" show="false" x="0" y="0" shunting="false" status="0">
      <swcmd id="sw6" type="sw" cmd="turnout"/>
      <swcmd id="sw5" type="sw" cmd="turnout"/>
      <swcmd id="sw4" type="sw" cmd="turnout"/>
      <swcmd id="sw7" type="sw" cmd="turnout"/>
      <swcmd id="sw8" type="sw" cmd="straight"/>
    </st>
    <st id="[sb4-]-[cb3+]" desc="Generated by the analyser" autogen="false" bka="sb4" bkb="cb3" bkaside="false" bkbside="true" show="false" x="0" y="0" shunting="false" status="0">
      <swcmd id="sw6" type="sw" cmd="turnout"/>
      <swcmd id="sw5" type="sw" cmd="turnout"/>
      <swcmd id="sw4" type="sw" cmd="turnout"/>
      <swcmd id="sw7" type="sw" cmd="turnout"/>
      <swcmd id="sw8" type="sw" cmd="turnout"/>
      <swcmd id="sw10" type="sw" cmd="turnout"/>
    </st>
    <st id="[sb4-]-[cb2+]" desc="Generated by the analyser" autogen="false" bka="sb4" bkb="cb2" bkaside="false" bkbside="true" show="false" x="0" y="0" shunting="false" status="0">
      <swcmd id="sw6" type="sw" cmd="turnout"/>
      <swcmd id="sw5" type="sw" cmd="turnout"/>
      <swcmd id="sw4" type="sw" cmd="turnout"/>
      <swcmd id="sw7" type="sw" cmd="turnout"/>
      <swcmd id="sw8" type="sw" cmd="turnout"/>
      <swcmd id="sw10" type="sw" cmd="right"/>
    </st>
    <st id="[cb1+]-[sb4+]" desc="Generated by the analyser" autogen="false" bka="cb1" bkb="sb4" bkaside="true" bkbside="true" show="false" x="0" y="0" shunting="false" status="0">
      <swcmd id="sw8" type="sw" cmd="straight"/>
      <swcmd id="sw7" type="sw" cmd="straight"/>
      <swcmd id="sw11" type="sw" cmd="turnout"/>
      <swcmd id="sw1" type="sw" cmd="straight"/>
    </st>
    <st id="[cb1+]-[sb3+]" desc="Generated by the analyser" autogen="false" bka="cb1" bkb="sb3" bkaside="true" bkbside="true" show="false" x="0" y="0" shunting="false" status="0">
      <swcmd id="sw8" type="sw" cmd="straight"/>
      <swcmd id="sw7" type="sw" cmd="straight"/>
      <swcmd id="sw11" type="sw" cmd="turnout"/>
      <swcmd id="sw1" type="sw" cmd="turnout"/>
      <swcmd id="sw2" type="sw" cmd="straight"/>
    </st>
    <st id="[cb1+]-[sb2+]" desc="Generated by the analyser" autogen="false" bka="cb1" bkb="sb2" bkaside="true" bkbside="true" show="false" x="0" y="0" shunting="false" status="0">
      <swcmd id="sw8" type="sw" cmd="straight"/>
      <swcmd id="sw7" type="sw" cmd="straight"/>
      <swcmd id="sw11" type="sw" cmd="turnout"/>
      <swcmd id="sw1" type="sw" cmd="turnout"/>
      <swcmd id="sw2" type="sw" cmd="turnout"/>
      <swcmd id="sw3" type="sw" cmd="straight"/>
    </st>
    <st id="[cb1+]-[sb1+]" desc="Generated by the analyser" autogen="false" bka="cb1" bkb="sb1" bkaside="true" bkbside="true" show="false" x="0" y="0" shunting="false" status="0">
      <swcmd id="sw8" type="sw" cmd="straight"/>
      <swcmd id="sw7" type="sw" cmd="straight"/>
      <swcmd id="sw11" type="sw" cmd="turnout"/>
      <swcmd id="sw1" type="sw" cmd="turnout"/>
      <swcmd id="sw2" type="sw" cmd="turnout"/>
      <swcmd id="sw3" type="sw" cmd="turnout"/>
    </st>
    <st id="[cb2+]-[sb4+]" desc="Generated by the analyser" autogen="false" bka="cb2" bkb="sb4" bkaside="true" bkbside="true" show="false" x="0" y="0" shunting="false" status="0">
      <swcmd id="sw10" type="sw" cmd="straight"/>
      <swcmd id="sw9" type="sw" cmd="straight"/>
      <swcmd id="sw11" type="sw" cmd="straight"/>
      <swcmd id="sw1" type="sw" cmd="straight"/>
    </st>
    <st id="[cb2+]-[sb3+]" desc="Generated by the analyser" autogen="false" bka="cb2" bkb="sb3" bkaside="true" bkbside="true" show="false" x="0" y="0" shunting="false" status="0">
      <swcmd id="sw10" type="sw" cmd="straight"/>
      <swcmd id="sw9" type="sw" cmd="straight"/>
      <swcmd id="sw11" type="sw" cmd="straight"/>
      <swcmd id="sw1" type="sw" cmd="turnout"/>
      <swcmd id="sw2" type="sw" cmd="straight"/>
    </st>
    <st id="[cb2+]-[sb2+]" desc="Generated by the analyser" autogen="false" bka="cb2" bkb="sb2" bkaside="true" bkbside="true" show="false" x="0" y="0" shunting="false" status="0">
      <swcmd id="sw10" type="sw" cmd="straight"/>
      <swcmd id="sw9" type="sw" cmd="straight"/>
      <swcmd id="sw11" type="sw" cmd="straight"/>
      <swcmd id="sw1" type="sw" cmd="turnout"/>
      <swcmd id="sw2" type="sw" cmd="turnout"/>
      <swcmd id="sw3" type="sw" cmd="straight"/>
    </st>
    <st id="[cb2+]-[sb1+]" desc="Generated by the analyser" autogen="false" bka="cb2" bkb="sb1" bkaside="true" bkbside="true" show="false" x="0" y="0" shunting="false" status="0">
      <swcmd id="sw10" type="sw" cmd="straight"/>
      <swcmd id="sw9" type="sw" cmd="straight"/>
      <swcmd id="sw11" type="sw" cmd="straight"/>
      <swcmd id="sw1" type="sw" cmd="turnout"/>
      <swcmd id="sw2" type="sw" cmd="turnout"/>
      <swcmd id="sw3" type="sw" cmd="turnout"/>
    </st>
    <st id="[cb3-]-[cb4+]" desc="Generated by the analyser" autogen="false" bka="cb3" bkb="cb4" bkaside="false" bkbside="true" show="false" x="0" y="0" shunting="false" status="0"/>
    <st id="[cb4-]-[sb4+]" desc="Generated by the analyser" autogen="false" bka="cb4" bkb="sb4" bkaside="false" bkbside="true" show="false" x="0" y="0" shunting="false" status="0">
      <swcmd id="sw9" type="sw" cmd="turnout"/>
      <swcmd id="sw11" type="sw" cmd="straight"/>
      <swcmd id="sw1" type="sw" cmd="straight"/>
    </st>
    <st id="[cb4-]-[sb3+]" desc="Generated by the analyser" autogen="false" bka="cb4" bkb="sb3" bkaside="false" bkbside="true" show="false" x="0" y="0" shunting="false" status="0">
      <swcmd id="sw9" type="sw" cmd="turnout"/>
      <swcmd id="sw11" type="sw" cmd="straight"/>
      <swcmd id="sw1" type="sw" cmd="turnout"/>
      <swcmd id="sw2" type="sw" cmd="straight"/>
    </st>
    <st id="[cb4-]-[sb2+]" desc="Generated by the analyser" autogen="false" bka="cb4" bkb="sb2" bkaside="false" bkbside="true" show="false" x="0" y="0" shunting="false" status="0">
      <swcmd id="sw9" type="sw" cmd="turnout"/>
      <swcmd id="sw11" type="sw" cmd="straight"/>
      <swcmd id="sw1" type="sw" cmd="turnout"/>
      <swcmd id="sw2" type="sw" cmd="turnout"/>
      <swcmd id="sw3" type="sw" cmd="straight"/>
    </st>
    <st id="[cb4-]-[sb1+]" desc="Generated by the analyser" autogen="false" bka="cb4" bkb="sb1" bkaside="false" bkbside="true" show="false" x="0" y="0" shunting="false" status="0">
      <swcmd id="sw9" type="sw" cmd="turnout"/>
      <swcmd id="sw11" type="sw" cmd="straight"/>
      <swcmd id="sw1" type="sw" cmd="turnout"/>
      <swcmd id="sw2" type="sw" cmd="turnout"/>
      <swcmd id="sw3" type="sw" cmd="turnout"/>
    </st>
  </stlist>
  <lclist>
    <lc id="NS2418" image="ns2418.png" prev_id="NS2418" shortid="" roadname="Nederlands Spoorwegen" owner="" color="" number="2418" home="" desc="" dectype="" decfile="nmra-rp922.xml" docu="" imagenr="0" remark="" len="0" weight="0" nrcars="0" manuid="" catnr="" purchased="" value="" identifier="2418" show="true" useshortid="false" mint="0" throttlenr="0" manually="false" bus="0" addr="2418" secaddr="0" iid="" oid="" prot="P" protver="1" spcnt="128" secspcnt="14" fncnt="4" V_min="10" V_mid="50" V_cru="80" V_max="100" V_maxsec="14" KMH_min="0" KMH_mid="0" KMH_cru="0" KMH_max="0" KMH_Rmin="0" KMH_Rmid="0" KMH_Rcru="0" KMH_Rmax="0" V_Rmin="0" V_Rmid="0" V_Rcru="0" V_Rmax="0" V_step="0" mass="0" Vmidpercent="30" Vmaxmin="20" Vmaxmax="255" Vmaxkmh="0" Vmidset="true" V_mode="percent" placing="false" regulated="true" restorefx="false" restorefxalways="false" restorespeed="false" info4throttle="false" dirpause="0" adjustaccel="false" maxload="0" accelmin="0" accelmax="0" decelerate="0" blockwaittime="10" maxwaittime="0" evttimer="0" minenergypercentage="0" swaptimer="0" ent2incorr="100" priority="10" usescheduletime="false" commuter="true" shortin="false" inatpre2in="false" usemanualroutes="false" useownwaittime="false" startupscid="" startuptourid="" check2in="false" usedepartdelay="true" freeblockonenter="false" reducespeedatenter="false" routespeedatenter="false" v0onswap="false" resetplacing="false" manual="false" lookupschedule="false" lookupschedulevirtual="false" generated="false" engine="diesel" cargo="none" secondnextblock="false" secondnextblock4wait="false" era="0" class="" consist_syncfunmap="0" consist_lightsoff="false" consist_syncfun="false" consist_synclights="false" consist="" usebbt="false" bbtsteps="10" bbtstartinterval="10" bbtmaxdiff="250" bbtcorrection="25" bbtkey="0" cvnrs="1,2,3,4,5,6,17,18,29" destblockid="" cmdDelay="0" mode="stop" fifotop="false" energypercentage="0" V="0" fx="0" throttleid="virtual" trainlen="0" trainweight="0" blockid="cb1" blockenterid="" resumeauto="false" modereason="" waittime="0" V_hint="mid" blockenterside="false" dir="true" fn="true" mtime="0" rdate="0" active="true" scidx="-1" scheduleid="" tourid="" train="" V_realkmh="0" V_maxkmh="0" cmd="modify" signalaspect="" pause="false" screcord="false" arrivetime="1642898211"/>
    <lc id="BR103" image="br103.png" prev_id="BR103" shortid="" roadname="Deutsche Bahn" owner="" color="" number="" home="" desc="" dectype="" decfile="nmra-rp922.xml" docu="" imagenr="0" remark="" len="0" weight="0" nrcars="0" manuid="" catnr="" purchased="" value="" identifier="103" show="true" useshortid="false" mint="0" throttlenr="0" manually="false" bus="0" addr="103" secaddr="0" iid="" oid="" prot="P" protver="1" spcnt="128" secspcnt="14" fncnt="4" V_min="10" V_mid="50" V_cru="80" V_max="100" V_maxsec="14" KMH_min="0" KMH_mid="0" KMH_cru="0" KMH_max="0" KMH_Rmin="0" KMH_Rmid="0" KMH_Rcru="0" KMH_Rmax="0" V_Rmin="0" V_Rmid="0" V_Rcru="0" V_Rmax="0" V_step="0" mass="0" Vmidpercent="30" Vmaxmin="20" Vmaxmax="255" Vmaxkmh="0" Vmidset="true" V_mode="percent" placing="true" regulated="true" restorefx="false" restorefxalways="false" restorespeed="false" info4throttle="false" dirpause="0" adjustaccel="false" maxload="0" accelmin="0" accelmax="0" decelerate="0" blockwaittime="10" maxwaittime="0" evttimer="0" minenergypercentage="0" swaptimer="0" ent2incorr="100" priority="10" usescheduletime="false" commuter="true" shortin="false" inatpre2in="false" usemanualroutes="false" useownwaittime="false" startupscid="" startuptourid="" check2in="false" usedepartdelay="true" freeblockonenter="false" reducespeedatenter="false" routespeedatenter="false" v0onswap="false" resetplacing="false" manual="false" lookupschedule="false" lookupschedulevirtual="false" generated="false" engine="diesel" cargo="none" secondnextblock="false" secondnextblock4wait="false" era="0" class="" consist_syncfunmap="0" consist_lightsoff="false" consist_syncfun="false" consist_synclights="false" consist="" usebbt="false" bbtsteps="10" bbtstartinterval="10" bbtmaxdiff="250" bbtcorrection="25" bbtkey="0" cvnrs="1,2,3,4,5,6,17,18,29" destblockid="" cmdDelay="0" mode="stop" fifotop="false" energypercentage="0" V="0" fx="0" throttleid="" trainlen="0" trainweight="0" resumeauto="false" pause="false" screcord="false"/>
    <lc id="Taurus" prev_id="Taurus" shortid="" roadname="" owner="" color="" number="" home="" desc="" dectype="" decfile="nmra-rp922.xml" docu="" image="taurus.png" imagenr="0" remark="" len="0" weight="0" nrcars="0" manuid="" catnr="" purchased="" value="" identifier="1234" show="true" useshortid="false" mint="0" throttlenr="0" manually="false" bus="0" addr="1234" secaddr="0" iid="" oid="" prot="P" protver="1" spcnt="128" secspcnt="14" fncnt="4" V_min="10" V_mid="50" V_cru="80" V_max="100" V_maxsec="14" KMH_min="0" KMH_mid="0" KMH_cru="0" KMH_max="0" KMH_Rmin="0" KMH_Rmid="0" KMH_Rcru="0" KMH_Rmax="0" V_Rmin="0" V_Rmid="0" V_Rcru="0" V_Rmax="0" V_step="0" mass="0" Vmidpercent="30" Vmaxmin="20" Vmaxmax="255" Vmaxkmh="0" Vmidset="true" V_mode="percent" placing="true" regulated="true" restorefx="false" restorefxalways="false" restorespeed="false" info4throttle="false" dirpause="0" adjustaccel="false" maxload="0" accelmin="0" accelmax="0" decelerate="0" blockwaittime="10" maxwaittime="0" evttimer="0" minenergypercentage="0" swaptimer="0" ent2incorr="100" priority="10" usescheduletime="false" commuter="true" shortin="false" inatpre2in="false" usemanualroutes="false" useownwaittime="false" startupscid="" startuptourid="" check2in="false" usedepartdelay="true" freeblockonenter="false" reducespeedatenter="false" routespeedatenter="false" v0onswap="false" resetplacing="false" manual="false" lookupschedule="false" lookupschedulevirtual="false" generated="false" engine="diesel" cargo="none" secondnextblock="false" secondnextblock4wait="false" era="0" class="" consist_syncfunmap="0" consist_lightsoff="false" consist_syncfun="false" consist_synclights="false" consist="" usebbt="false" bbtsteps="10" bbtstartinterval="10" bbtmaxdiff="250" bbtcorrection="25" bbtkey="0" cvnrs="1,2,3,4,5,6,17,18,29" destblockid="" cmdDelay="0" mode="stop" fifotop="false" energypercentage="0" V="0" fx="0" throttleid="virtual" trainlen="0" trainweight="0" resumeauto="false" cmd="modify" signalaspect="" pause="false" screcord="false" arrivetime="1642898222" blockid="sb2" blockenterid="sb2" modereason="" waittime="0" V_hint="mid" blockenterside="true" fn="false" rdate="1642898688" runtime="336"/>
  </lclist>
  <vrlist>
    <vr id="lc4112" generated="false" text="NS2418" value="0"/>
    <vr id="bk4112" generated="false" text="cb2" value="0"/>
    <vr id="ManualMsg" group="" desc="" min="0" max="0" text="" value="0"/>
  </vrlist>
  <colist>
    <co svgtype="1" id="Demo1" x="24" y="15" z="0" value="1" state="off" porttype="0" prev_id="Demo1" nr="0" desc="Demo1" decid="" show="true" showid="false" svgacctype="false" blockid="" routeids="" grpid="" tristate="false" toggleswitch="false" operable="true" iid="" bus="0" uidname="" addr="0" port="0" gate="0" param="0" paramoff="0" delay="0" publish="" subscribe="" cmd_on="" cmd_off="" prot="D" inv="false" blink="false" colortype="false" plancolor="false" asswitch="false" accessory="true" redChannel="0" greenChannel="0" blueChannel="0" whiteChannel="0" white2Channel="0" brightnessChannel="0">
      <color red="0" green="0" blue="0" white="0" white2="0" saturation="254" brightness="0" id=""/>
      <actionctrl id="Demo1" state="on" desc="run Demo1 action" lcid="" reset="true" allconditions="true" callerparam="" atcmd="true" atevt="false" auto="true" manual="true" substate="" duration="0" timer="0" callerid="Demo1" callertype="co" callerdesc="Demo1" calleruserdata=""/>
    </co>
    <co svgtype="1" id="Demo2" x="24" y="16" z="0" porttype="0" prev_id="Demo2" nr="0" desc="Demo2" decid="" show="true" showid="false" svgacctype="false" blockid="" routeids="" grpid="" tristate="false" toggleswitch="false" operable="true" iid="" bus="0" uidname="" addr="0" port="0" gate="0" param="0" paramoff="0" value="1" delay="0" publish="" subscribe="" cmd_on="" cmd_off="" prot="D" inv="false" blink="false" colortype="false" plancolor="false" asswitch="false" accessory="true" redChannel="0" greenChannel="0" blueChannel="0" whiteChannel="0" white2Channel="0" brightnessChannel="0" state="off">
      <color blue="0" brightness="0" green="0" id="" red="0" saturation="254" white="0" white2="0"/>
      <actionctrl id="Demo2" state="on" desc="" lcid="" reset="true" allconditions="true" callerparam="" atcmd="true" atevt="false" auto="true" manual="true" substate="" duration="0" timer="0" callerid="Demo2" callertype="co" callerdesc="Demo2" calleruserdata=""/>
    </co>
    <co svgtype="1" id="Demo3" x="24" y="17" z="0" porttype="0" prev_id="Demo3" nr="0" desc="Demo3" decid="" show="true" showid="false" svgacctype="false" blockid="" routeids="" grpid="" tristate="false" toggleswitch="false" operable="true" iid="" bus="0" uidname="" addr="0" port="0" gate="0" param="0" paramoff="0" value="1" delay="0" publish="" subscribe="" cmd_on="" cmd_off="" prot="D" inv="false" blink="false" colortype="false" plancolor="false" asswitch="false" accessory="true" redChannel="0" greenChannel="0" blueChannel="0" whiteChannel="0" white2Channel="0" brightnessChannel="0" state="off">
      <color blue="0" brightness="0" green="0" id="" red="0" saturation="254" white="0" white2="0"/>
      <actionctrl id="Demo3" state="on" desc="" lcid="" reset="true" allconditions="true" callerparam="" atcmd="true" atevt="false" auto="true" manual="true" substate="" duration="0" timer="0" callerid="Demo3" callertype="co" callerdesc="Demo3" calleruserdata=""/>
    </co>
    <co svgtype="1" id="SendManualMessage" x="24" y="19" z="0" porttype="0" prev_id="SendManualMessage" nr="0" desc="" decid="" show="true" showid="false" svgacctype="false" blockid="" routeids="" grpid="" tristate="false" toggleswitch="false" operable="true" iid="" bus="0" uidname="" addr="0" port="0" gate="0" param="0" paramoff="0" value="1" delay="0" publish="" subscribe="" cmd_on="" cmd_off="" prot="D" inv="false" blink="false" colortype="false" plancolor="false" asswitch="false" accessory="true" redChannel="0" greenChannel="0" blueChannel="0" whiteChannel="0" white2Channel="0" brightnessChannel="0" state="off">
      <color red="0" green="0" blue="0" white="0" white2="0" saturation="254" brightness="0" id=""/>
      <actionctrl id="ManualUpdate" state="on" desc="" lcid="" reset="true" allconditions="true" callerparam="" atcmd="true" atevt="false" auto="true" manual="true" substate="" duration="0" timer="0" callerid="SendManualMessage" callertype="co" callerdesc="" calleruserdata=""/>
    </co>
  </colist>
  <aclist>
    <ac id="Demo1" prev_id="Demo1" desc="" remark="" timed="false" activated="false" random="false" every="false" hour="0" min="0" sec="0" cmd="update" oid="DisplayOut" suboid="" actiontime="0" param="ZZAMSG#D01D02#T0#Station01#1#Hamburg-Hbf#10:22#ICE597#ICE#5min Verspätung - 5min later###" timer="0" doublequote="true" async="true" type="tx" iid="" bus="0" addr="0" port="0" used="false"/>
    <ac id="ManualUpdate" prev_id="ManualUpdate" desc="" remark="" timed="false" activated="false" random="false" every="false" hour="0" min="0" sec="0" cmd="update" oid="DisplayOut" suboid="" actiontime="0" param="@RocMQTTdisplayInput" timer="0" doublequote="true" async="true" type="tx" iid="rocnet-mqtt" bus="0" addr="0" port="0" used="false"/>
    <ac id="Demo2" prev_id="Demo2" desc="" remark="" timed="false" activated="false" random="false" every="false" hour="0" min="0" sec="0" cmd="update" oid="DisplayOut" suboid="" actiontime="0" param="ZZAMSG#D01#T0##3#Köln-Bonn#08:30#RE04#RE#Achtung Zugdurchfahrt###" timer="0" doublequote="true" async="true" type="tx" iid="" bus="0" addr="0" port="0" used="false"/>
    <ac id="Demo3" prev_id="Demo3" desc="" remark="" timed="false" activated="false" random="false" every="false" hour="0" min="0" sec="0" cmd="update" oid="DisplayOut" suboid="" actiontime="0" param="ZZAMSG#D02D03#T0##6#Amsterdam Centraal#19:50#IC58#IC#{rrtime}  %temp%°C###" timer="0" doublequote="true" async="true" type="tx" iid="" bus="0" addr="0" port="0" used="false"/>
    <ac id="Shutdown" prev_id="Shutdown" desc="" remark="" timed="false" activated="false" random="false" every="false" hour="0" min="0" sec="0" cmd="update" oid="DisplayOut" suboid="" actiontime="0" param="ZZAMSG#D01D02D03D04D05D06D07D08###########" timer="0" doublequote="true" async="true" type="tx" iid="" bus="0" addr="0" port="0" used="false"/>
    <ac id="ClearD03" prev_id="ClearD03" desc="" remark="" timed="false" activated="false" random="false" every="false" hour="0" min="0" sec="0" cmd="update" oid="DisplayOut" suboid="" actiontime="0" param="ZZAMSG#D03###########" timer="0" doublequote="true" async="true" type="tx" iid="" bus="0" addr="0" port="0" used="false"/>
    <ac id="ClearD01" prev_id="ClearD01" desc="" remark="" timed="false" activated="false" random="false" every="false" hour="0" min="0" sec="0" cmd="update" oid="DisplayOut" suboid="" actiontime="0" param="ZZAMSG#D01###########" timer="0" doublequote="true" async="true" type="tx" iid="" bus="0" addr="0" port="0" used="false"/>
    <ac id="ClearD02" prev_id="ClearD02" desc="" remark="" timed="false" activated="false" random="false" every="false" hour="0" min="0" sec="0" cmd="update" oid="DisplayOut" suboid="" actiontime="0" param="ZZAMSG#D02###########" timer="0" doublequote="true" async="true" type="tx" iid="" bus="0" addr="0" port="0" used="false"/>
  </aclist>
  <system>
    <actionctrl id="Shutdown" state="shutdown" desc="" lcid="" reset="true" allconditions="true" callerparam="" atcmd="true" atevt="false" auto="true" manual="true" substate="" duration="0" timer="0" regval="0"/>
  </system>
</plan>
